SITEID,COUNTYID,DATACREATIONDATE,PSI
214,64000,17-7 -16,27.0
215,10008,17-7 -16,24.0
218,9007,17-7 -16,34.0
220,9020,17-7 -16,36.0
221,10016,17-7 -16,22.0
223,10014,17-7 -16,32.0
367625,10009,17-7 -16,51.0
276,10017,17-7 -16,36.0
277,65000,17-7 -16,36.0
278,65000,17-7 -16,37.0
279,65000,17-7 -16,38.0
280,65000,17-7 -16,40.0
281,65000,17-7 -16,41.0
282,65000,17-7 -16,41.0
283,65000,17-7 -16,40.0
284,65000,17-7 -16,35.0
285,65000,17-7 -16,32.0
286,63000,17-7 -16,39.0
287,63000,17-7 -16,42.0
288,63000,17-7 -16,44.0
289,63000,17-7 -16,41.0
290,63000,17-7 -16,41.0
201,63000,17-7 -16,52.0
291,68000,17-7 -16,38.0
292,68000,17-7 -16,38.0
202,68000,17-7 -16,38.0
293,68000,17-7 -16,41.0
294,68000,17-7 -16,42.0
295,10004,17-7 -16,38.0
296,10004,17-7 -16,29.0
297,10018,17-7 -16,30.0
203,10005,17-7 -16,34.0
294,68000,14-7 -16,52.0
295,10004,14-7 -16,32.0
296,10004,14-7 -16,38.0
204,10007,14-7 -16,34.0
249,10007,14-7 -16,26.0
250,10008,14-7 -16,34.0
251,10009,14-7 -16,33.0
252,10009,14-7 -16,28.0
253,10010,14-7 -16,33.0
254,10010,14-7 -16,37.0
205,10009,14-7 -16,29.0
255,10020,14-7 -16,31.0
256,67000,14-7 -16,33.0
257,67000,14-7 -16,32.0
258,67000,14-7 -16,29.0
259,67000,14-7 -16,33.0
260,64000,14-7 -16,24.0
206,64000,14-7 -16,20.0
261,64000,14-7 -16,48.0
207,64000,14-7 -16,50.0
262,64000,14-7 -16,32.0
263,64000,14-7 -16,25.0
264,64000,14-7 -16,50.0
265,64000,14-7 -16,29.0
266,64000,14-7 -16,40.0
209,64000,14-7 -16,28.0
267,64000,14-7 -16,35.0
268,10013,14-7 -16,36.0
269,10013,14-7 -16,34.0
270,10013,14-7 -16,25.0
271,10014,14-7 -16,28.0
272,10015,14-7 -16,33.0
210,63000,14-7 -16,19.0
273,10002,14-7 -16,40.0
274,10002,14-7 -16,37.0
211,65000,14-7 -16,56.0
212,68000,14-7 -16,40.0
213,65000,14-7 -16,27.0
214,64000,14-7 -16,23.0
215,10008,14-7 -16,19.0
218,9007,14-7 -16,27.0
220,9020,14-7 -16,26.0
221,10016,14-7 -16,15.0
223,10014,14-7 -16,26.0
367625,10009,14-7 -16,48.0
276,10017,14-7 -16,31.0
277,65000,14-7 -16,37.0
278,65000,14-7 -16,40.0
279,65000,14-7 -16,28.0
280,65000,14-7 -16,36.0
281,65000,14-7 -16,39.0
282,65000,14-7 -16,32.0
283,65000,14-7 -16,36.0
284,65000,14-7 -16,41.0
285,65000,14-7 -16,38.0
286,63000,14-7 -16,32.0
287,63000,14-7 -16,27.0
288,63000,14-7 -16,29.0
289,63000,14-7 -16,30.0
290,63000,14-7 -16,28.0
201,63000,14-7 -16,58.0
291,68000,14-7 -16,38.0
292,68000,14-7 -16,39.0
202,68000,14-7 -16,35.0
293,68000,14-7 -16,46.0
297,10018,14-7 -16,27.0
203,10005,14-7 -16,30.0
241,10005,14-7 -16,33.0
242,10005,14-7 -16,26.0
243,66000,14-7 -16,24.0
250,10008,18-7 -16,29.0
251,10009,18-7 -16,30.0
252,10009,18-7 -16,29.0
242,10005,19-7 -16,18.0
243,66000,19-7 -16,17.0
244,66000,19-7 -16,24.0
245,66000,19-7 -16,36.0
246,66000,19-7 -16,13.0
247,66000,19-7 -16,25.0
248,10007,19-7 -16,29.0
204,10007,19-7 -16,35.0
249,10007,19-7 -16,28.0
250,10008,19-7 -16,29.0
251,10009,19-7 -16,28.0
252,10009,19-7 -16,24.0
253,10010,19-7 -16,24.0
254,10010,19-7 -16,29.0
205,10009,19-7 -16,20.0
255,10020,19-7 -16,31.0
256,67000,19-7 -16,25.0
257,67000,19-7 -16,17.0
258,67000,19-7 -16,27.0
259,67000,19-7 -16,22.0
260,64000,19-7 -16,19.0
206,64000,19-7 -16,22.0
261,64000,19-7 -16,36.0
207,64000,19-7 -16,40.0
262,64000,19-7 -16,25.0
263,64000,19-7 -16,19.0
264,64000,19-7 -16,40.0
265,64000,19-7 -16,31.0
266,64000,19-7 -16,28.0
209,64000,19-7 -16,19.0
267,64000,19-7 -16,19.0
268,10013,19-7 -16,28.0
269,10013,19-7 -16,37.0
270,10013,19-7 -16,18.0
241,10005,18-7 -16,37.0
242,10005,18-7 -16,23.0
279,65000,18-7 -16,29.0
280,65000,18-7 -16,25.0
281,65000,18-7 -16,29.0
282,65000,18-7 -16,25.0
283,65000,18-7 -16,29.0
284,65000,18-7 -16,38.0
285,65000,18-7 -16,25.0
286,63000,18-7 -16,28.0
287,63000,18-7 -16,21.0
288,63000,18-7 -16,28.0
289,63000,18-7 -16,26.0
290,63000,18-7 -16,24.0
201,63000,18-7 -16,40.0
291,68000,18-7 -16,26.0
292,68000,18-7 -16,33.0
202,68000,18-7 -16,43.0
293,68000,18-7 -16,31.0
294,68000,18-7 -16,25.0
295,10004,18-7 -16,32.0
296,10004,18-7 -16,27.0
297,10018,18-7 -16,25.0
203,10005,18-7 -16,30.0
243,66000,18-7 -16,13.0
244,66000,18-7 -16,28.0
245,66000,18-7 -16,18.0
246,66000,18-7 -16,18.0
247,66000,18-7 -16,26.0
248,10007,18-7 -16,31.0
204,10007,18-7 -16,32.0
249,10007,18-7 -16,23.0
241,10005,17-7 -16,38.0
242,10005,17-7 -16,28.0
243,66000,17-7 -16,33.0
244,66000,17-7 -16,28.0
245,66000,17-7 -16,35.0
246,66000,17-7 -16,28.0
247,66000,17-7 -16,35.0
248,10007,17-7 -16,34.0
204,10007,17-7 -16,32.0
249,10007,17-7 -16,37.0
250,10008,17-7 -16,32.0
251,10009,17-7 -16,30.0
206,64000,17-7 -16,29.0
261,64000,17-7 -16,41.0
207,64000,17-7 -16,48.0
262,64000,17-7 -16,30.0
263,64000,17-7 -16,21.0
264,64000,17-7 -16,50.0
265,64000,17-7 -16,40.0
266,64000,17-7 -16,36.0
209,64000,17-7 -16,28.0
267,64000,17-7 -16,36.0
268,10013,17-7 -16,40.0
269,10013,17-7 -16,50.0
270,10013,17-7 -16,31.0
271,10014,17-7 -16,31.0
272,10015,17-7 -16,39.0
210,63000,17-7 -16,21.0
273,10002,17-7 -16,42.0
274,10002,17-7 -16,48.0
211,65000,17-7 -16,56.0
212,68000,17-7 -16,61.0
275,10008,17-7 -16,32.0
213,65000,17-7 -16,31.0
244,66000,14-7 -16,28.0
245,66000,14-7 -16,32.0
246,66000,14-7 -16,28.0
247,66000,14-7 -16,31.0
248,10007,14-7 -16,32.0
255,10020,13-7 -16,
220,9020,18-7 -16,43.0
221,10016,18-7 -16,17.0
223,10014,18-7 -16,22.0
367625,10009,18-7 -16,32.0
276,10017,18-7 -16,21.0
277,65000,18-7 -16,19.0
278,65000,18-7 -16,24.0
272,10015,18-7 -16,35.0
210,63000,18-7 -16,19.0
273,10002,18-7 -16,34.0
274,10002,18-7 -16,38.0
211,65000,18-7 -16,38.0
212,68000,18-7 -16,44.0
275,10008,18-7 -16,25.0
213,65000,18-7 -16,24.0
214,64000,18-7 -16,25.0
215,10008,18-7 -16,19.0
218,9007,18-7 -16,25.0
252,10009,17-7 -16,31.0
253,10010,17-7 -16,33.0
254,10010,17-7 -16,42.0
205,10009,17-7 -16,30.0
255,10020,17-7 -16,35.0
256,67000,17-7 -16,35.0
257,67000,17-7 -16,24.0
258,67000,17-7 -16,33.0
259,67000,17-7 -16,30.0
260,64000,17-7 -16,24.0
214,64000,15-7 -16,25.0
215,10008,15-7 -16,32.0
218,9007,15-7 -16,48.0
220,9020,15-7 -16,35.0
221,10016,15-7 -16,27.0
223,10014,15-7 -16,31.0
367625,10009,15-7 -16,44.0
276,10017,15-7 -16,25.0
277,65000,15-7 -16,45.0
278,65000,15-7 -16,34.0
279,65000,15-7 -16,44.0
280,65000,15-7 -16,43.0
281,65000,15-7 -16,44.0
282,65000,15-7 -16,30.0
283,65000,15-7 -16,47.0
284,65000,15-7 -16,39.0
285,65000,15-7 -16,34.0
286,63000,15-7 -16,54.0
287,63000,15-7 -16,47.0
288,63000,15-7 -16,47.0
289,63000,15-7 -16,42.0
290,63000,15-7 -16,47.0
201,63000,15-7 -16,56.0
291,68000,15-7 -16,39.0
292,68000,15-7 -16,39.0
202,68000,15-7 -16,44.0
293,68000,15-7 -16,41.0
294,68000,15-7 -16,48.0
295,10004,15-7 -16,35.0
296,10004,15-7 -16,39.0
297,10018,15-7 -16,39.0
203,10005,15-7 -16,42.0
241,10005,15-7 -16,44.0
248,10007,15-7 -16,40.0
204,10007,15-7 -16,32.0
249,10007,15-7 -16,27.0
250,10008,15-7 -16,34.0
214,64000,19-7 -16,18.0
215,10008,19-7 -16,19.0
218,9007,19-7 -16,42.0
220,9020,19-7 -16,30.0
221,10016,19-7 -16,12.0
223,10014,19-7 -16,17.0
367625,10009,19-7 -16,36.0
276,10017,19-7 -16,22.0
277,65000,19-7 -16,23.0
278,65000,19-7 -16,23.0
279,65000,19-7 -16,16.0
280,65000,19-7 -16,28.0
281,65000,19-7 -16,29.0
282,65000,19-7 -16,22.0
283,65000,19-7 -16,24.0
284,65000,19-7 -16,33.0
285,65000,19-7 -16,22.0
286,63000,19-7 -16,31.0
287,63000,19-7 -16,28.0
288,63000,19-7 -16,22.0
289,63000,19-7 -16,21.0
290,63000,19-7 -16,25.0
201,63000,19-7 -16,41.0
268,10013,18-7 -16,36.0
269,10013,18-7 -16,55.0
270,10013,18-7 -16,27.0
271,10014,18-7 -16,31.0
206,64000,18-7 -16,22.0
261,64000,18-7 -16,41.0
207,64000,18-7 -16,39.0
262,64000,18-7 -16,30.0
263,64000,18-7 -16,34.0
264,64000,18-7 -16,50.0
265,64000,18-7 -16,36.0
266,64000,18-7 -16,
209,64000,18-7 -16,28.0
267,64000,18-7 -16,31.0
275,10008,14-7 -16,33.0
271,10014,19-7 -16,21.0
272,10015,19-7 -16,37.0
210,63000,19-7 -16,21.0
273,10002,19-7 -16,25.0
274,10002,19-7 -16,34.0
211,65000,19-7 -16,41.0
212,68000,19-7 -16,44.0
275,10008,19-7 -16,30.0
213,65000,19-7 -16,18.0
253,10010,18-7 -16,31.0
254,10010,18-7 -16,47.0
205,10009,18-7 -16,31.0
255,10020,18-7 -16,29.0
256,67000,18-7 -16,29.0
257,67000,18-7 -16,21.0
258,67000,18-7 -16,28.0
259,67000,18-7 -16,27.0
260,64000,18-7 -16,16.0
251,10009,15-7 -16,30.0
252,10009,15-7 -16,28.0
253,10010,15-7 -16,28.0
254,10010,15-7 -16,37.0
205,10009,15-7 -16,28.0
255,10020,15-7 -16,34.0
256,67000,15-7 -16,29.0
257,67000,15-7 -16,25.0
258,67000,15-7 -16,29.0
259,67000,15-7 -16,26.0
260,64000,15-7 -16,27.0
206,64000,15-7 -16,21.0
261,64000,15-7 -16,59.0
207,64000,15-7 -16,51.0
262,64000,15-7 -16,30.0
263,64000,15-7 -16,18.0
264,64000,15-7 -16,50.0
265,64000,15-7 -16,32.0
266,64000,15-7 -16,36.0
209,64000,15-7 -16,30.0
267,64000,15-7 -16,32.0
268,10013,15-7 -16,38.0
269,10013,15-7 -16,53.0
270,10013,15-7 -16,27.0
271,10014,15-7 -16,34.0
272,10015,15-7 -16,38.0
210,63000,15-7 -16,24.0
273,10002,15-7 -16,36.0
274,10002,15-7 -16,37.0
211,65000,15-7 -16,58.0
212,68000,15-7 -16,56.0
275,10008,15-7 -16,29.0
213,65000,15-7 -16,40.0
291,68000,19-7 -16,31.0
292,68000,19-7 -16,40.0
202,68000,19-7 -16,35.0
293,68000,19-7 -16,37.0
294,68000,19-7 -16,34.0
295,10004,19-7 -16,28.0
296,10004,19-7 -16,22.0
297,10018,19-7 -16,25.0
203,10005,19-7 -16,26.0
241,10005,19-7 -16,27.0
243,66000,11-7 -16,18.0
244,66000,11-7 -16,14.0
245,66000,11-7 -16,21.0
246,66000,11-7 -16,12.0
247,66000,11-7 -16,18.0
248,10007,11-7 -16,20.0
204,10007,11-7 -16,21.0
249,10007,11-7 -16,18.0
250,10008,11-7 -16,18.0
251,10009,11-7 -16,17.0
252,10009,11-7 -16,18.0
253,10010,11-7 -16,14.0
254,10010,11-7 -16,20.0
205,10009,11-7 -16,17.0
255,10020,11-7 -16,17.0
256,67000,11-7 -16,18.0
257,67000,11-7 -16,18.0
258,67000,11-7 -16,31.0
259,67000,11-7 -16,21.0
260,64000,11-7 -16,
206,64000,11-7 -16,24.0
261,64000,11-7 -16,30.0
207,64000,11-7 -16,45.0
262,64000,11-7 -16,24.0
263,64000,11-7 -16,32.0
264,64000,11-7 -16,45.0
265,64000,11-7 -16,31.0
266,64000,11-7 -16,40.0
209,64000,11-7 -16,31.0
267,64000,11-7 -16,34.0
268,10013,11-7 -16,28.0
269,10013,11-7 -16,34.0
270,10013,11-7 -16,37.0
271,10014,11-7 -16,20.0
272,10015,11-7 -16,42.0
210,63000,11-7 -16,26.0
297,10018,21-7 -16,31.0
203,10005,21-7 -16,31.0
296,10004,22-7 -16,31.0
297,10018,22-7 -16,33.0
203,10005,22-7 -16,34.0
241,10005,22-7 -16,44.0
242,10005,22-7 -16,31.0
243,66000,22-7 -16,32.0
244,66000,22-7 -16,30.0
245,66000,22-7 -16,41.0
246,66000,22-7 -16,32.0
247,66000,22-7 -16,44.0
248,10007,22-7 -16,41.0
204,10007,22-7 -16,37.0
249,10007,22-7 -16,45.0
250,10008,22-7 -16,43.0
251,10009,22-7 -16,33.0
252,10009,22-7 -16,33.0
253,10010,22-7 -16,32.0
254,10010,22-7 -16,42.0
205,10009,22-7 -16,32.0
255,10020,22-7 -16,39.0
256,67000,22-7 -16,32.0
257,67000,22-7 -16,27.0
258,67000,22-7 -16,38.0
259,67000,22-7 -16,28.0
260,64000,22-7 -16,21.0
206,64000,22-7 -16,44.0
261,64000,22-7 -16,48.0
207,64000,22-7 -16,49.0
262,64000,22-7 -16,19.0
263,64000,22-7 -16,30.0
264,64000,22-7 -16,44.0
265,64000,22-7 -16,28.0
260,64000,21-7 -16,24.0
206,64000,21-7 -16,28.0
261,64000,21-7 -16,48.0
207,64000,21-7 -16,45.0
262,64000,21-7 -16,20.0
214,64000,20-7 -16,27.0
215,10008,20-7 -16,21.0
218,9007,20-7 -16,27.0
220,9020,20-7 -16,24.0
221,10016,20-7 -16,15.0
223,10014,20-7 -16,20.0
367625,10009,20-7 -16,
276,10017,20-7 -16,27.0
277,65000,20-7 -16,32.0
278,65000,20-7 -16,37.0
279,65000,20-7 -16,32.0
280,65000,20-7 -16,
281,65000,20-7 -16,41.0
282,65000,20-7 -16,30.0
283,65000,20-7 -16,34.0
284,65000,20-7 -16,30.0
285,65000,20-7 -16,23.0
286,63000,20-7 -16,28.0
287,63000,20-7 -16,28.0
288,63000,20-7 -16,30.0
289,63000,20-7 -16,39.0
290,63000,20-7 -16,27.0
201,63000,20-7 -16,39.0
291,68000,20-7 -16,42.0
292,68000,20-7 -16,27.0
202,68000,20-7 -16,27.0
293,68000,20-7 -16,34.0
294,68000,20-7 -16,27.0
295,10004,20-7 -16,23.0
296,10004,20-7 -16,25.0
297,10018,20-7 -16,21.0
203,10005,20-7 -16,22.0
241,10005,20-7 -16,23.0
242,10005,20-7 -16,30.0
251,10009,20-7 -16,35.0
252,10009,20-7 -16,28.0
253,10010,20-7 -16,27.0
254,10010,20-7 -16,32.0
218,9007,24-7 -16,61.0
220,9020,24-7 -16,37.0
221,10016,24-7 -16,19.0
223,10014,24-7 -16,23.0
367625,10009,24-7 -16,37.0
276,10017,24-7 -16,55.0
277,65000,24-7 -16,53.0
278,65000,24-7 -16,35.0
279,65000,24-7 -16,68.0
280,65000,24-7 -16,47.0
281,65000,24-7 -16,51.0
282,65000,24-7 -16,39.0
283,65000,24-7 -16,52.0
284,65000,24-7 -16,48.0
285,65000,24-7 -16,39.0
286,63000,24-7 -16,45.0
287,63000,24-7 -16,52.0
288,63000,24-7 -16,60.0
289,63000,24-7 -16,63.0
290,63000,24-7 -16,55.0
201,63000,24-7 -16,58.0
291,68000,24-7 -16,49.0
292,68000,24-7 -16,36.0
202,68000,24-7 -16,35.0
293,68000,24-7 -16,44.0
294,68000,24-7 -16,46.0
295,10004,24-7 -16,36.0
296,10004,24-7 -16,34.0
297,10018,24-7 -16,35.0
203,10005,24-7 -16,34.0
241,10005,24-7 -16,39.0
273,10002,20-7 -16,28.0
274,10002,20-7 -16,30.0
211,65000,20-7 -16,43.0
212,68000,20-7 -16,49.0
275,10008,20-7 -16,23.0
213,65000,20-7 -16,22.0
266,64000,22-7 -16,23.0
209,64000,22-7 -16,23.0
267,64000,22-7 -16,
268,10013,22-7 -16,32.0
269,10013,22-7 -16,35.0
270,10013,22-7 -16,25.0
271,10014,22-7 -16,17.0
272,10015,22-7 -16,16.0
210,63000,22-7 -16,
273,10002,22-7 -16,36.0
274,10002,22-7 -16,32.0
211,65000,22-7 -16,56.0
212,68000,22-7 -16,50.0
275,10008,22-7 -16,36.0
213,65000,22-7 -16,38.0
214,64000,22-7 -16,18.0
215,10008,22-7 -16,57.0
218,9007,22-7 -16,60.0
220,9020,22-7 -16,57.0
221,10016,22-7 -16,27.0
223,10014,22-7 -16,14.0
276,10017,21-7 -16,72.0
277,65000,21-7 -16,43.0
278,65000,21-7 -16,69.0
279,65000,21-7 -16,60.0
280,65000,21-7 -16,53.0
281,65000,21-7 -16,48.0
282,65000,21-7 -16,45.0
283,65000,21-7 -16,45.0
284,65000,21-7 -16,39.0
285,65000,21-7 -16,32.0
286,63000,21-7 -16,36.0
287,63000,21-7 -16,41.0
288,63000,21-7 -16,48.0
289,63000,21-7 -16,53.0
290,63000,21-7 -16,41.0
201,63000,21-7 -16,53.0
291,68000,21-7 -16,40.0
292,68000,21-7 -16,26.0
202,68000,21-7 -16,31.0
293,68000,21-7 -16,34.0
294,68000,21-7 -16,41.0
295,10004,21-7 -16,23.0
296,10004,21-7 -16,30.0
248,10007,21-7 -16,29.0
204,10007,21-7 -16,22.0
249,10007,21-7 -16,26.0
250,10008,21-7 -16,39.0
251,10009,21-7 -16,35.0
252,10009,21-7 -16,32.0
253,10010,21-7 -16,47.0
254,10010,21-7 -16,30.0
205,10009,21-7 -16,23.0
255,10020,21-7 -16,37.0
256,67000,21-7 -16,28.0
257,67000,21-7 -16,22.0
258,67000,21-7 -16,29.0
242,10005,21-7 -16,28.0
243,66000,21-7 -16,26.0
244,66000,21-7 -16,27.0
245,66000,21-7 -16,30.0
246,66000,21-7 -16,19.0
247,66000,21-7 -16,29.0
259,67000,21-7 -16,21.0
266,64000,21-7 -16,29.0
209,64000,21-7 -16,18.0
267,64000,21-7 -16,25.0
268,10013,21-7 -16,24.0
269,10013,21-7 -16,36.0
270,10013,21-7 -16,12.0
271,10014,21-7 -16,11.0
272,10015,21-7 -16,19.0
210,63000,21-7 -16,32.0
273,10002,21-7 -16,31.0
274,10002,21-7 -16,37.0
211,65000,21-7 -16,38.0
212,68000,21-7 -16,32.0
275,10008,21-7 -16,30.0
213,65000,21-7 -16,21.0
214,64000,21-7 -16,24.0
242,10005,15-7 -16,39.0
243,66000,15-7 -16,41.0
244,66000,15-7 -16,35.0
245,66000,15-7 -16,40.0
246,66000,15-7 -16,31.0
247,66000,15-7 -16,37.0
242,10005,24-7 -16,27.0
243,66000,24-7 -16,30.0
244,66000,24-7 -16,22.0
245,66000,24-7 -16,29.0
246,66000,24-7 -16,22.0
247,66000,24-7 -16,27.0
248,10007,24-7 -16,27.0
204,10007,24-7 -16,22.0
249,10007,24-7 -16,25.0
250,10008,24-7 -16,32.0
251,10009,24-7 -16,34.0
252,10009,24-7 -16,31.0
253,10010,24-7 -16,28.0
254,10010,24-7 -16,35.0
205,10009,24-7 -16,29.0
255,10020,24-7 -16,33.0
256,67000,24-7 -16,27.0
257,67000,24-7 -16,29.0
258,67000,24-7 -16,33.0
259,67000,24-7 -16,31.0
260,64000,24-7 -16,36.0
206,64000,24-7 -16,31.0
261,64000,24-7 -16,49.0
207,64000,24-7 -16,41.0
262,64000,24-7 -16,28.0
263,64000,24-7 -16,26.0
264,64000,24-7 -16,44.0
265,64000,24-7 -16,33.0
266,64000,24-7 -16,29.0
209,64000,24-7 -16,30.0
267,64000,24-7 -16,28.0
265,64000,21-7 -16,
215,10008,21-7 -16,52.0
218,9007,21-7 -16,36.0
220,9020,21-7 -16,36.0
221,10016,21-7 -16,17.0
223,10014,21-7 -16,14.0
367625,10009,21-7 -16,35.0
241,10005,21-7 -16,33.0
244,66000,20-7 -16,26.0
245,66000,20-7 -16,46.0
246,66000,20-7 -16,37.0
247,66000,20-7 -16,42.0
248,10007,20-7 -16,37.0
204,10007,20-7 -16,32.0
249,10007,20-7 -16,37.0
250,10008,20-7 -16,42.0
205,10009,20-7 -16,31.0
255,10020,20-7 -16,43.0
256,67000,20-7 -16,33.0
257,67000,20-7 -16,31.0
258,67000,20-7 -16,29.0
259,67000,20-7 -16,26.0
260,64000,20-7 -16,62.0
206,64000,20-7 -16,27.0
261,64000,20-7 -16,66.0
207,64000,20-7 -16,50.0
272,10015,24-7 -16,22.0
210,63000,24-7 -16,54.0
273,10002,24-7 -16,37.0
274,10002,24-7 -16,47.0
211,65000,24-7 -16,58.0
212,68000,24-7 -16,54.0
275,10008,24-7 -16,48.0
213,65000,24-7 -16,54.0
214,64000,24-7 -16,35.0
215,10008,24-7 -16,43.0
268,10013,24-7 -16,
367625,10009,22-7 -16,31.0
276,10017,22-7 -16,40.0
277,65000,22-7 -16,44.0
278,65000,22-7 -16,50.0
279,65000,22-7 -16,71.0
280,65000,22-7 -16,55.0
281,65000,22-7 -16,49.0
282,65000,22-7 -16,47.0
283,65000,22-7 -16,40.0
284,65000,22-7 -16,45.0
285,65000,22-7 -16,27.0
286,63000,22-7 -16,48.0
287,63000,22-7 -16,49.0
288,63000,22-7 -16,38.0
289,63000,22-7 -16,61.0
290,63000,22-7 -16,48.0
201,63000,22-7 -16,52.0
291,68000,22-7 -16,44.0
292,68000,22-7 -16,42.0
202,68000,22-7 -16,31.0
293,68000,22-7 -16,44.0
294,68000,22-7 -16,43.0
295,10004,22-7 -16,30.0
263,64000,21-7 -16,21.0
264,64000,21-7 -16,51.0
262,64000,20-7 -16,20.0
263,64000,20-7 -16,17.0
264,64000,20-7 -16,41.0
265,64000,20-7 -16,27.0
266,64000,20-7 -16,38.0
209,64000,20-7 -16,
267,64000,20-7 -16,27.0
268,10013,20-7 -16,29.0
269,10013,20-7 -16,35.0
270,10013,20-7 -16,19.0
271,10014,20-7 -16,14.0
272,10015,20-7 -16,22.0
210,63000,20-7 -16,31.0
243,66000,20-7 -16,16.0
213,65000,16-7 -16,35.0
214,64000,16-7 -16,24.0
215,10008,16-7 -16,31.0
218,9007,16-7 -16,35.0
220,9020,16-7 -16,37.0
221,10016,16-7 -16,20.0
223,10014,16-7 -16,34.0
367625,10009,16-7 -16,43.0
276,10017,16-7 -16,31.0
277,65000,16-7 -16,35.0
278,65000,16-7 -16,38.0
279,65000,16-7 -16,41.0
280,65000,16-7 -16,38.0
281,65000,16-7 -16,41.0
282,65000,16-7 -16,29.0
283,65000,16-7 -16,41.0
284,65000,16-7 -16,38.0
285,65000,16-7 -16,34.0
286,63000,16-7 -16,41.0
287,63000,16-7 -16,42.0
288,63000,16-7 -16,43.0
289,63000,16-7 -16,38.0
290,63000,16-7 -16,36.0
201,63000,16-7 -16,54.0
291,68000,16-7 -16,35.0
292,68000,16-7 -16,35.0
202,68000,16-7 -16,39.0
293,68000,16-7 -16,36.0
294,68000,16-7 -16,43.0
295,10004,16-7 -16,30.0
296,10004,16-7 -16,37.0
297,10018,16-7 -16,30.0
203,10005,16-7 -16,29.0
241,10005,16-7 -16,35.0
242,10005,16-7 -16,
243,66000,16-7 -16,24.0
269,10013,24-7 -16,49.0
270,10013,24-7 -16,20.0
271,10014,24-7 -16,
244,66000,16-7 -16,32.0
245,66000,16-7 -16,30.0
246,66000,16-7 -16,24.0
247,66000,16-7 -16,33.0
248,10007,16-7 -16,35.0
204,10007,16-7 -16,35.0
249,10007,16-7 -16,21.0
250,10008,16-7 -16,28.0
251,10009,16-7 -16,31.0
252,10009,16-7 -16,33.0
259,67000,16-7 -16,27.0
260,64000,16-7 -16,19.0
206,64000,16-7 -16,25.0
261,64000,16-7 -16,50.0
207,64000,16-7 -16,51.0
262,64000,16-7 -16,34.0
263,64000,16-7 -16,27.0
264,64000,16-7 -16,51.0
265,64000,16-7 -16,29.0
266,64000,16-7 -16,31.0
209,64000,16-7 -16,27.0
267,64000,16-7 -16,35.0
268,10013,16-7 -16,30.0
269,10013,16-7 -16,37.0
270,10013,16-7 -16,27.0
271,10014,16-7 -16,29.0
272,10015,16-7 -16,29.0
210,63000,16-7 -16,20.0
273,10002,16-7 -16,39.0
274,10002,16-7 -16,41.0
211,65000,16-7 -16,50.0
212,68000,16-7 -16,44.0
275,10008,16-7 -16,27.0
273,10002,11-7 -16,29.0
274,10002,11-7 -16,22.0
211,65000,11-7 -16,42.0
212,68000,11-7 -16,43.0
275,10008,11-7 -16,20.0
213,65000,11-7 -16,21.0
214,64000,11-7 -16,27.0
215,10008,11-7 -16,14.0
218,9007,11-7 -16,20.0
220,9020,11-7 -16,23.0
221,10016,11-7 -16,18.0
223,10014,11-7 -16,19.0
367625,10009,11-7 -16,24.0
253,10010,16-7 -16,32.0
254,10010,16-7 -16,45.0
205,10009,16-7 -16,31.0
255,10020,16-7 -16,37.0
256,67000,16-7 -16,33.0
257,67000,16-7 -16,32.0
258,67000,16-7 -16,35.0
209,64000,23-7 -16,31.0
267,64000,23-7 -16,40.0
268,10013,23-7 -16,28.0
269,10013,23-7 -16,41.0
270,10013,23-7 -16,21.0
271,10014,23-7 -16,13.0
272,10015,23-7 -16,22.0
210,63000,23-7 -16,32.0
273,10002,23-7 -16,33.0
274,10002,23-7 -16,30.0
211,65000,23-7 -16,48.0
212,68000,23-7 -16,51.0
275,10008,23-7 -16,31.0
213,65000,23-7 -16,31.0
214,64000,23-7 -16,25.0
215,10008,23-7 -16,32.0
218,9007,23-7 -16,42.0
220,9020,23-7 -16,40.0
221,10016,23-7 -16,23.0
223,10014,23-7 -16,15.0
367625,10009,23-7 -16,32.0
276,10017,23-7 -16,22.0
277,65000,23-7 -16,32.0
278,65000,23-7 -16,30.0
279,65000,23-7 -16,32.0
280,65000,23-7 -16,45.0
281,65000,23-7 -16,48.0
282,65000,23-7 -16,35.0
283,65000,23-7 -16,40.0
284,65000,23-7 -16,56.0
285,65000,23-7 -16,34.0
286,63000,23-7 -16,40.0
287,63000,23-7 -16,40.0
288,63000,23-7 -16,34.0
289,63000,23-7 -16,38.0
290,63000,23-7 -16,33.0
201,63000,23-7 -16,48.0
291,68000,23-7 -16,47.0
292,68000,23-7 -16,48.0
202,68000,23-7 -16,31.0
293,68000,23-7 -16,46.0
294,68000,23-7 -16,45.0
295,10004,23-7 -16,36.0
296,10004,23-7 -16,35.0
297,10018,23-7 -16,31.0
203,10005,23-7 -16,34.0
247,66000,23-7 -16,44.0
248,10007,23-7 -16,46.0
204,10007,23-7 -16,40.0
249,10007,23-7 -16,37.0
250,10008,23-7 -16,38.0
251,10009,23-7 -16,24.0
252,10009,23-7 -16,35.0
253,10010,23-7 -16,35.0
254,10010,23-7 -16,34.0
205,10009,23-7 -16,29.0
255,10020,23-7 -16,31.0
256,67000,23-7 -16,24.0
257,67000,23-7 -16,20.0
258,67000,23-7 -16,26.0
259,67000,23-7 -16,21.0
260,64000,23-7 -16,23.0
206,64000,23-7 -16,26.0
261,64000,23-7 -16,54.0
207,64000,23-7 -16,
262,64000,23-7 -16,32.0
263,64000,23-7 -16,29.0
264,64000,23-7 -16,41.0
265,64000,23-7 -16,38.0
266,64000,23-7 -16,34.0
241,10005,23-7 -16,48.0
242,10005,23-7 -16,57.0
243,66000,23-7 -16,51.0
244,66000,23-7 -16,49.0
245,66000,23-7 -16,44.0
246,66000,23-7 -16,38.0
292,68000,11-7 -16,32.0
202,68000,11-7 -16,32.0
293,68000,11-7 -16,31.0
294,68000,11-7 -16,38.0
295,10004,11-7 -16,32.0
296,10004,11-7 -16,18.0
297,10018,11-7 -16,21.0
203,10005,11-7 -16,19.0
241,10005,11-7 -16,22.0
242,10005,11-7 -16,20.0
284,65000,31-7 -16,31.0
285,65000,31-7 -16,24.0
212,68000,28-7 -16,37.0
275,10008,28-7 -16,21.0
213,65000,28-7 -16,21.0
214,64000,28-7 -16,9.0
215,10008,28-7 -16,23.0
218,9007,28-7 -16,45.0
220,9020,28-7 -16,37.0
221,10016,28-7 -16,13.0
223,10014,28-7 -16,25.0
367625,10009,28-7 -16,35.0
276,10017,28-7 -16,22.0
277,65000,28-7 -16,24.0
278,65000,28-7 -16,23.0
279,65000,28-7 -16,26.0
280,65000,28-7 -16,24.0
281,65000,28-7 -16,28.0
282,65000,28-7 -16,25.0
283,65000,28-7 -16,34.0
284,65000,28-7 -16,33.0
285,65000,28-7 -16,27.0
286,63000,28-7 -16,29.0
287,63000,28-7 -16,30.0
288,63000,28-7 -16,26.0
289,63000,28-7 -16,28.0
290,63000,28-7 -16,27.0
201,63000,28-7 -16,41.0
291,68000,28-7 -16,28.0
292,68000,28-7 -16,28.0
202,68000,28-7 -16,31.0
293,68000,28-7 -16,28.0
294,68000,28-7 -16,30.0
295,10004,28-7 -16,25.0
296,10004,28-7 -16,28.0
297,10018,28-7 -16,24.0
203,10005,28-7 -16,28.0
241,10005,28-7 -16,31.0
270,10013,29-7 -16,30.0
271,10014,29-7 -16,29.0
272,10015,29-7 -16,33.0
210,63000,29-7 -16,45.0
273,10002,29-7 -16,39.0
274,10002,29-7 -16,32.0
211,65000,29-7 -16,56.0
212,68000,29-7 -16,60.0
275,10008,29-7 -16,42.0
213,65000,29-7 -16,39.0
214,64000,29-7 -16,31.0
215,10008,29-7 -16,56.0
218,9007,29-7 -16,58.0
220,9020,29-7 -16,83.0
221,10016,29-7 -16,34.0
223,10014,29-7 -16,25.0
367625,10009,29-7 -16,47.0
276,10017,29-7 -16,28.0
277,65000,29-7 -16,38.0
278,65000,29-7 -16,34.0
279,65000,29-7 -16,41.0
280,65000,29-7 -16,72.0
281,65000,29-7 -16,58.0
282,65000,29-7 -16,55.0
283,65000,29-7 -16,46.0
284,65000,29-7 -16,55.0
285,65000,29-7 -16,47.0
286,63000,29-7 -16,45.0
287,63000,29-7 -16,45.0
288,63000,29-7 -16,42.0
289,63000,29-7 -16,42.0
290,63000,29-7 -16,41.0
201,63000,29-7 -16,54.0
291,68000,29-7 -16,50.0
292,68000,29-7 -16,51.0
202,68000,29-7 -16,52.0
293,68000,29-7 -16,52.0
257,67000,25-7 -16,35.0
258,67000,25-7 -16,31.0
259,67000,25-7 -16,29.0
260,64000,25-7 -16,57.0
206,64000,25-7 -16,40.0
261,64000,25-7 -16,38.0
207,64000,25-7 -16,44.0
262,64000,25-7 -16,36.0
263,64000,25-7 -16,40.0
264,64000,25-7 -16,49.0
265,64000,25-7 -16,41.0
266,64000,25-7 -16,47.0
209,64000,25-7 -16,40.0
267,64000,25-7 -16,45.0
268,10013,25-7 -16,
269,10013,25-7 -16,52.0
270,10013,25-7 -16,20.0
271,10014,25-7 -16,17.0
272,10015,25-7 -16,19.0
210,63000,25-7 -16,
273,10002,25-7 -16,31.0
274,10002,25-7 -16,32.0
211,65000,25-7 -16,54.0
212,68000,25-7 -16,53.0
275,10008,25-7 -16,62.0
213,65000,25-7 -16,40.0
214,64000,25-7 -16,35.0
215,10008,25-7 -16,50.0
218,9007,25-7 -16,24.0
220,9020,25-7 -16,49.0
221,10016,25-7 -16,29.0
223,10014,25-7 -16,19.0
367625,10009,25-7 -16,38.0
276,10017,25-7 -16,55.0
277,65000,25-7 -16,61.0
278,65000,25-7 -16,62.0
279,65000,25-7 -16,62.0
280,65000,25-7 -16,32.0
281,65000,25-7 -16,31.0
282,65000,25-7 -16,28.0
283,65000,25-7 -16,36.0
284,65000,25-7 -16,37.0
285,65000,25-7 -16,38.0
286,63000,25-7 -16,34.0
287,63000,25-7 -16,38.0
288,63000,25-7 -16,35.0
289,63000,25-7 -16,28.0
290,63000,25-7 -16,38.0
201,63000,25-7 -16,49.0
291,68000,25-7 -16,42.0
292,68000,25-7 -16,38.0
202,68000,25-7 -16,47.0
293,68000,25-7 -16,45.0
294,68000,25-7 -16,54.0
295,10004,25-7 -16,45.0
296,10004,25-7 -16,33.0
297,10018,25-7 -16,34.0
203,10005,25-7 -16,32.0
241,10005,25-7 -16,36.0
242,10005,25-7 -16,30.0
243,66000,25-7 -16,32.0
244,66000,25-7 -16,24.0
245,66000,25-7 -16,30.0
246,66000,25-7 -16,19.0
247,66000,25-7 -16,28.0
248,10007,25-7 -16,29.0
204,10007,25-7 -16,21.0
249,10007,25-7 -16,37.0
250,10008,25-7 -16,30.0
251,10009,25-7 -16,46.0
252,10009,25-7 -16,40.0
253,10010,25-7 -16,39.0
254,10010,25-7 -16,35.0
205,10009,25-7 -16,22.0
255,10020,25-7 -16,43.0
255,10020,29-7 -16,36.0
256,67000,29-7 -16,29.0
257,67000,29-7 -16,78.0
258,67000,29-7 -16,28.0
259,67000,29-7 -16,21.0
260,64000,29-7 -16,17.0
206,64000,29-7 -16,20.0
261,64000,29-7 -16,41.0
207,64000,29-7 -16,31.0
262,64000,29-7 -16,28.0
263,64000,29-7 -16,28.0
264,64000,29-7 -16,30.0
265,64000,29-7 -16,29.0
266,64000,29-7 -16,27.0
209,64000,29-7 -16,22.0
267,64000,29-7 -16,26.0
268,10013,29-7 -16,32.0
269,10013,29-7 -16,35.0
242,10005,28-7 -16,24.0
243,66000,28-7 -16,21.0
244,66000,28-7 -16,28.0
245,66000,28-7 -16,23.0
246,66000,28-7 -16,23.0
247,66000,28-7 -16,28.0
248,10007,28-7 -16,29.0
204,10007,28-7 -16,25.0
249,10007,28-7 -16,32.0
250,10008,28-7 -16,28.0
251,10009,28-7 -16,24.0
252,10009,28-7 -16,30.0
253,10010,28-7 -16,32.0
254,10010,28-7 -16,27.0
205,10009,28-7 -16,29.0
255,10020,28-7 -16,22.0
256,67000,28-7 -16,21.0
257,67000,28-7 -16,25.0
262,64000,28-7 -16,27.0
278,65000,31-7 -16,19.0
279,65000,31-7 -16,16.0
280,65000,31-7 -16,15.0
281,65000,31-7 -16,24.0
282,65000,31-7 -16,22.0
283,65000,31-7 -16,24.0
286,63000,31-7 -16,24.0
287,63000,31-7 -16,26.0
288,63000,31-7 -16,25.0
289,63000,31-7 -16,18.0
290,63000,31-7 -16,20.0
201,63000,31-7 -16,38.0
291,68000,31-7 -16,27.0
292,68000,31-7 -16,36.0
202,68000,31-7 -16,41.0
293,68000,31-7 -16,30.0
294,68000,31-7 -16,31.0
295,10004,31-7 -16,30.0
296,10004,31-7 -16,30.0
297,10018,31-7 -16,28.0
203,10005,31-7 -16,39.0
241,10005,31-7 -16,52.0
242,10005,31-7 -16,52.0
243,66000,31-7 -16,53.0
244,66000,31-7 -16,53.0
245,66000,30-7 -16,
246,66000,31-7 -16,52.0
247,66000,31-7 -16,54.0
248,10007,31-7 -16,58.0
204,10007,31-7 -16,46.0
249,10007,31-7 -16,59.0
250,10008,31-7 -16,53.0
251,10009,31-7 -16,52.0
256,67000,25-7 -16,33.0
258,67000,28-7 -16,40.0
259,67000,28-7 -16,27.0
260,64000,28-7 -16,34.0
206,64000,28-7 -16,26.0
261,64000,28-7 -16,
207,64000,28-7 -16,37.0
263,64000,28-7 -16,18.0
264,64000,28-7 -16,24.0
265,64000,28-7 -16,28.0
266,64000,28-7 -16,25.0
209,64000,28-7 -16,22.0
267,64000,28-7 -16,21.0
268,10013,28-7 -16,31.0
269,10013,28-7 -16,38.0
270,10013,28-7 -16,25.0
271,10014,28-7 -16,31.0
272,10015,28-7 -16,27.0
210,63000,28-7 -16,21.0
273,10002,28-7 -16,37.0
274,10002,28-7 -16,31.0
211,65000,28-7 -16,40.0
294,68000,29-7 -16,58.0
295,10004,29-7 -16,71.0
296,10004,29-7 -16,38.0
297,10018,29-7 -16,63.0
203,10005,29-7 -16,43.0
241,10005,29-7 -16,50.0
242,10005,29-7 -16,38.0
243,66000,29-7 -16,49.0
244,66000,29-7 -16,38.0
250,10008,29-7 -16,35.0
251,10009,29-7 -16,32.0
252,10009,29-7 -16,35.0
253,10010,29-7 -16,30.0
254,10010,29-7 -16,47.0
205,10009,29-7 -16,44.0
245,66000,29-7 -16,57.0
246,66000,29-7 -16,59.0
247,66000,29-7 -16,69.0
248,10007,29-7 -16,54.0
204,10007,29-7 -16,35.0
249,10007,29-7 -16,49.0
245,66000,31-7 -16,
252,10009,31-7 -16,53.0
253,10010,31-7 -16,41.0
254,10010,31-7 -16,53.0
205,10009,31-7 -16,50.0
255,10020,31-7 -16,44.0
256,67000,31-7 -16,43.0
257,67000,31-7 -16,36.0
258,67000,31-7 -16,39.0
259,67000,31-7 -16,30.0
260,64000,31-7 -16,24.0
206,64000,31-7 -16,37.0
261,64000,31-7 -16,48.0
207,64000,31-7 -16,41.0
262,64000,31-7 -16,34.0
263,64000,31-7 -16,32.0
264,64000,31-7 -16,50.0
265,64000,31-7 -16,45.0
266,64000,31-7 -16,37.0
209,64000,31-7 -16,38.0
267,64000,31-7 -16,39.0
268,10013,31-7 -16,26.0
269,10013,31-7 -16,39.0
270,10013,31-7 -16,20.0
271,10014,31-7 -16,19.0
272,10015,31-7 -16,27.0
210,63000,31-7 -16,21.0
273,10002,31-7 -16,25.0
274,10002,31-7 -16,16.0
211,65000,31-7 -16,34.0
212,68000,31-7 -16,36.0
275,10008,31-7 -16,50.0
213,65000,31-7 -16,18.0
214,64000,31-7 -16,34.0
215,10008,31-7 -16,43.0
276,10017,31-7 -16,18.0
277,65000,31-7 -16,14.0
218,9007,31-7 -16,24.0
220,9020,31-7 -16,41.0
221,10016,31-7 -16,34.0
223,10014,31-7 -16,23.0
367625,10009,31-7 -16,60.0
283,65000,04-8 -16,24.0
284,65000,04-8 -16,28.0
218,9007,05-8 -16,40.0
220,9020,05-8 -16,29.0
221,10016,05-8 -16,18.0
223,10014,05-8 -16,18.0
367625,10009,05-8 -16,39.0
276,10017,05-8 -16,19.0
277,65000,05-8 -16,19.0
278,65000,05-8 -16,
279,65000,05-8 -16,25.0
280,65000,05-8 -16,24.0
281,65000,05-8 -16,30.0
282,65000,05-8 -16,29.0
283,65000,05-8 -16,28.0
284,65000,05-8 -16,38.0
285,65000,05-8 -16,21.0
286,63000,05-8 -16,26.0
287,63000,05-8 -16,26.0
288,63000,05-8 -16,26.0
289,63000,05-8 -16,25.0
290,63000,05-8 -16,23.0
201,63000,05-8 -16,35.0
291,68000,05-8 -16,27.0
292,68000,05-8 -16,26.0
202,68000,05-8 -16,29.0
293,68000,05-8 -16,39.0
294,68000,05-8 -16,33.0
295,10004,05-8 -16,30.0
296,10004,05-8 -16,27.0
297,10018,05-8 -16,27.0
203,10005,05-8 -16,33.0
241,10005,05-8 -16,35.0
242,10005,05-8 -16,26.0
243,66000,05-8 -16,21.0
244,66000,05-8 -16,34.0
245,66000,05-8 -16,22.0
246,66000,05-8 -16,21.0
210,63000,30-7 -16,20.0
213,65000,30-7 -16,19.0
214,64000,30-7 -16,33.0
215,10008,30-7 -16,43.0
218,9007,30-7 -16,26.0
220,9020,30-7 -16,38.0
221,10016,30-7 -16,58.0
223,10014,30-7 -16,19.0
367625,10009,30-7 -16,63.0
270,10013,04-8 -16,20.0
271,10014,04-8 -16,24.0
272,10015,04-8 -16,24.0
210,63000,04-8 -16,25.0
273,10002,04-8 -16,35.0
274,10002,04-8 -16,36.0
211,65000,04-8 -16,46.0
212,68000,04-8 -16,36.0
275,10008,04-8 -16,33.0
213,65000,04-8 -16,28.0
214,64000,04-8 -16,35.0
215,10008,04-8 -16,26.0
218,9007,04-8 -16,42.0
220,9020,04-8 -16,25.0
221,10016,04-8 -16,24.0
223,10014,04-8 -16,21.0
367625,10009,04-8 -16,42.0
276,10017,04-8 -16,46.0
277,65000,04-8 -16,49.0
278,65000,04-8 -16,40.0
279,65000,04-8 -16,41.0
280,65000,04-8 -16,
281,65000,04-8 -16,47.0
282,65000,04-8 -16,41.0
285,65000,04-8 -16,24.0
286,63000,04-8 -16,41.0
287,63000,04-8 -16,40.0
257,67000,30-7 -16,26.0
258,67000,30-7 -16,31.0
259,67000,30-7 -16,33.0
260,64000,30-7 -16,27.0
206,64000,30-7 -16,30.0
261,64000,30-7 -16,46.0
207,64000,30-7 -16,41.0
262,64000,30-7 -16,30.0
263,64000,30-7 -16,34.0
264,64000,30-7 -16,42.0
265,64000,30-7 -16,40.0
266,64000,30-7 -16,35.0
209,64000,30-7 -16,32.0
267,64000,30-7 -16,31.0
268,10013,30-7 -16,31.0
269,10013,30-7 -16,47.0
270,10013,30-7 -16,21.0
271,10014,30-7 -16,34.0
272,10015,30-7 -16,31.0
273,10002,30-7 -16,36.0
274,10002,30-7 -16,29.0
211,65000,30-7 -16,47.0
212,68000,30-7 -16,50.0
275,10008,30-7 -16,35.0
276,10017,30-7 -16,53.0
277,65000,30-7 -16,50.0
278,65000,30-7 -16,55.0
279,65000,30-7 -16,52.0
253,10010,06-8 -16,65.0
254,10010,06-8 -16,67.0
205,10009,06-8 -16,63.0
255,10020,06-8 -16,56.0
256,67000,06-8 -16,52.0
257,67000,06-8 -16,55.0
258,67000,06-8 -16,46.0
259,67000,06-8 -16,43.0
260,64000,06-8 -16,54.0
206,64000,06-8 -16,37.0
261,64000,06-8 -16,35.0
207,64000,06-8 -16,50.0
262,64000,06-8 -16,38.0
263,64000,06-8 -16,38.0
264,64000,06-8 -16,38.0
265,64000,06-8 -16,38.0
266,64000,06-8 -16,36.0
209,64000,06-8 -16,30.0
267,64000,06-8 -16,34.0
268,10013,06-8 -16,47.0
269,10013,06-8 -16,47.0
270,10013,06-8 -16,37.0
271,10014,06-8 -16,19.0
272,10015,06-8 -16,40.0
210,63000,06-8 -16,27.0
273,10002,06-8 -16,35.0
274,10002,06-8 -16,40.0
211,65000,06-8 -16,52.0
212,68000,06-8 -16,45.0
275,10008,06-8 -16,52.0
213,65000,06-8 -16,33.0
214,64000,06-8 -16,30.0
215,10008,06-8 -16,44.0
218,9007,06-8 -16,64.0
220,9020,06-8 -16,70.0
221,10016,06-8 -16,47.0
223,10014,06-8 -16,30.0
367625,10009,06-8 -16,39.0
276,10017,06-8 -16,20.0
277,65000,06-8 -16,20.0
278,65000,06-8 -16,25.0
279,65000,06-8 -16,36.0
280,65000,06-8 -16,32.0
281,65000,06-8 -16,40.0
282,65000,06-8 -16,35.0
283,65000,06-8 -16,32.0
284,65000,06-8 -16,52.0
285,65000,06-8 -16,30.0
286,63000,06-8 -16,32.0
287,63000,06-8 -16,34.0
288,63000,06-8 -16,35.0
247,66000,05-8 -16,35.0
248,10007,05-8 -16,36.0
204,10007,05-8 -16,30.0
249,10007,05-8 -16,28.0
250,10008,05-8 -16,56.0
251,10009,05-8 -16,45.0
252,10009,05-8 -16,28.0
253,10010,05-8 -16,28.0
254,10010,05-8 -16,28.0
205,10009,05-8 -16,
255,10020,05-8 -16,34.0
256,67000,05-8 -16,30.0
257,67000,05-8 -16,28.0
258,67000,05-8 -16,22.0
259,67000,05-8 -16,22.0
260,64000,05-8 -16,36.0
206,64000,05-8 -16,29.0
261,64000,05-8 -16,47.0
207,64000,05-8 -16,44.0
262,64000,05-8 -16,36.0
264,64000,05-8 -16,40.0
265,64000,05-8 -16,37.0
266,64000,05-8 -16,30.0
209,64000,05-8 -16,30.0
267,64000,05-8 -16,34.0
268,10013,05-8 -16,32.0
269,10013,05-8 -16,48.0
270,10013,05-8 -16,36.0
271,10014,05-8 -16,20.0
272,10015,05-8 -16,27.0
210,63000,05-8 -16,23.0
273,10002,05-8 -16,31.0
274,10002,05-8 -16,43.0
211,65000,05-8 -16,47.0
212,68000,05-8 -16,46.0
275,10008,05-8 -16,44.0
213,65000,05-8 -16,28.0
214,64000,05-8 -16,28.0
215,10008,05-8 -16,37.0
288,63000,04-8 -16,46.0
289,63000,04-8 -16,48.0
290,63000,04-8 -16,38.0
201,63000,04-8 -16,42.0
291,68000,04-8 -16,39.0
292,68000,04-8 -16,27.0
202,68000,04-8 -16,31.0
293,68000,04-8 -16,38.0
294,68000,04-8 -16,44.0
295,10004,04-8 -16,29.0
246,66000,04-8 -16,25.0
247,66000,04-8 -16,29.0
248,10007,04-8 -16,27.0
204,10007,04-8 -16,22.0
249,10007,04-8 -16,24.0
250,10008,04-8 -16,58.0
251,10009,04-8 -16,40.0
252,10009,04-8 -16,29.0
253,10010,04-8 -16,51.0
254,10010,04-8 -16,36.0
205,10009,04-8 -16,28.0
255,10020,04-8 -16,69.0
256,67000,04-8 -16,43.0
257,67000,04-8 -16,46.0
258,67000,04-8 -16,34.0
259,67000,04-8 -16,37.0
260,64000,04-8 -16,61.0
206,64000,04-8 -16,43.0
261,64000,04-8 -16,44.0
207,64000,04-8 -16,46.0
262,64000,04-8 -16,47.0
263,64000,04-8 -16,56.0
264,64000,04-8 -16,43.0
265,64000,04-8 -16,47.0
266,64000,04-8 -16,49.0
209,64000,04-8 -16,41.0
267,64000,04-8 -16,43.0
280,65000,30-7 -16,53.0
281,65000,30-7 -16,50.0
282,65000,30-7 -16,56.0
283,65000,30-7 -16,48.0
284,65000,30-7 -16,56.0
285,65000,30-7 -16,46.0
286,63000,30-7 -16,54.0
287,63000,30-7 -16,48.0
288,63000,30-7 -16,48.0
289,63000,30-7 -16,36.0
290,63000,30-7 -16,43.0
201,63000,30-7 -16,54.0
291,68000,30-7 -16,47.0
292,68000,30-7 -16,56.0
202,68000,30-7 -16,54.0
293,68000,30-7 -16,68.0
294,68000,30-7 -16,46.0
295,10004,30-7 -16,68.0
296,10004,30-7 -16,76.0
297,10018,30-7 -16,72.0
203,10005,30-7 -16,73.0
241,10005,30-7 -16,57.0
242,10005,30-7 -16,56.0
243,66000,30-7 -16,68.0
244,66000,30-7 -16,54.0
246,66000,30-7 -16,55.0
247,66000,30-7 -16,63.0
248,10007,30-7 -16,42.0
204,10007,30-7 -16,51.0
249,10007,30-7 -16,56.0
250,10008,30-7 -16,81.0
251,10009,30-7 -16,70.0
252,10009,30-7 -16,69.0
253,10010,30-7 -16,65.0
254,10010,30-7 -16,69.0
205,10009,30-7 -16,79.0
263,64000,05-8 -16,23.0
289,63000,06-8 -16,31.0
290,63000,06-8 -16,33.0
295,10004,06-8 -16,42.0
296,10004,06-8 -16,33.0
297,10018,06-8 -16,36.0
203,10005,06-8 -16,40.0
241,10005,06-8 -16,43.0
242,10005,06-8 -16,42.0
243,66000,06-8 -16,37.0
244,66000,06-8 -16,41.0
245,66000,06-8 -16,38.0
246,66000,06-8 -16,27.0
247,66000,06-8 -16,37.0
248,10007,06-8 -16,35.0
204,10007,06-8 -16,36.0
249,10007,06-8 -16,34.0
250,10008,06-8 -16,45.0
251,10009,06-8 -16,31.0
252,10009,06-8 -16,31.0
268,10013,04-8 -16,64.0
269,10013,04-8 -16,62.0
296,10004,04-8 -16,18.0
297,10018,04-8 -16,22.0
203,10005,04-8 -16,21.0
241,10005,04-8 -16,24.0
242,10005,04-8 -16,20.0
243,66000,04-8 -16,24.0
255,10020,30-7 -16,60.0
256,67000,30-7 -16,55.0
201,63000,06-8 -16,58.0
291,68000,06-8 -16,63.0
292,68000,06-8 -16,57.0
202,68000,06-8 -16,
293,68000,06-8 -16,67.0
294,68000,06-8 -16,
244,66000,04-8 -16,28.0
245,66000,04-8 -16,33.0
291,68000,03-8 -16,35.0
292,68000,03-8 -16,
202,68000,03-8 -16,45.0
293,68000,03-8 -16,32.0
294,68000,03-8 -16,34.0
295,10004,03-8 -16,31.0
296,10004,03-8 -16,27.0
297,10018,03-8 -16,29.0
203,10005,03-8 -16,27.0
241,10005,03-8 -16,35.0
242,10005,03-8 -16,24.0
283,65000,03-8 -16,66.0
284,65000,03-8 -16,67.0
285,65000,03-8 -16,53.0
286,63000,03-8 -16,65.0
287,63000,03-8 -16,56.0
288,63000,03-8 -16,71.0
289,63000,03-8 -16,
290,63000,03-8 -16,47.0
201,63000,03-8 -16,43.0
243,66000,03-8 -16,63.0
244,66000,03-8 -16,47.0
245,66000,03-8 -16,53.0
246,66000,03-8 -16,46.0
247,66000,03-8 -16,57.0
248,10007,03-8 -16,30.0
204,10007,03-8 -16,62.0
244,66000,27-7 -16,23.0
245,66000,27-7 -16,35.0
246,66000,27-7 -16,23.0
247,66000,27-7 -16,32.0
248,10007,27-7 -16,33.0
204,10007,27-7 -16,25.0
249,10007,27-7 -16,29.0
250,10008,27-7 -16,33.0
251,10009,27-7 -16,24.0
260,64000,03-8 -16,17.0
206,64000,03-8 -16,23.0
261,64000,03-8 -16,29.0
207,64000,03-8 -16,38.0
262,64000,03-8 -16,24.0
263,64000,03-8 -16,45.0
264,64000,03-8 -16,37.0
265,64000,03-8 -16,32.0
266,64000,03-8 -16,29.0
209,64000,03-8 -16,30.0
267,64000,03-8 -16,33.0
268,10013,03-8 -16,28.0
269,10013,03-8 -16,31.0
270,10013,03-8 -16,24.0
271,10014,03-8 -16,23.0
272,10015,03-8 -16,18.0
210,63000,03-8 -16,24.0
273,10002,03-8 -16,22.0
274,10002,03-8 -16,22.0
211,65000,03-8 -16,38.0
212,68000,03-8 -16,36.0
275,10008,03-8 -16,28.0
213,65000,03-8 -16,19.0
214,64000,03-8 -16,24.0
215,10008,03-8 -16,20.0
218,9007,03-8 -16,35.0
220,9020,03-8 -16,32.0
221,10016,03-8 -16,22.0
223,10014,03-8 -16,22.0
253,10010,26-7 -16,52.0
254,10010,26-7 -16,35.0
205,10009,26-7 -16,37.0
255,10020,26-7 -16,40.0
256,67000,26-7 -16,36.0
257,67000,26-7 -16,30.0
258,67000,26-7 -16,29.0
259,67000,26-7 -16,25.0
201,63000,26-7 -16,38.0
291,68000,26-7 -16,27.0
292,68000,26-7 -16,46.0
202,68000,26-7 -16,37.0
293,68000,26-7 -16,44.0
244,66000,26-7 -16,48.0
245,66000,26-7 -16,45.0
246,66000,26-7 -16,50.0
247,66000,26-7 -16,52.0
248,10007,26-7 -16,52.0
204,10007,26-7 -16,37.0
249,10007,26-7 -16,47.0
251,10009,26-7 -16,42.0
252,10009,26-7 -16,43.0
260,64000,26-7 -16,21.0
206,64000,26-7 -16,36.0
261,64000,26-7 -16,42.0
207,64000,26-7 -16,44.0
262,64000,26-7 -16,31.0
263,64000,26-7 -16,26.0
264,64000,26-7 -16,45.0
265,64000,26-7 -16,31.0
266,64000,26-7 -16,37.0
209,64000,26-7 -16,28.0
267,64000,26-7 -16,37.0
268,10013,26-7 -16,28.0
269,10013,26-7 -16,30.0
270,10013,26-7 -16,20.0
271,10014,26-7 -16,11.0
252,10009,27-7 -16,43.0
253,10010,27-7 -16,44.0
254,10010,27-7 -16,43.0
292,68000,27-7 -16,41.0
202,68000,27-7 -16,42.0
293,68000,27-7 -16,48.0
294,68000,27-7 -16,53.0
295,10004,27-7 -16,37.0
296,10004,27-7 -16,48.0
297,10018,27-7 -16,36.0
203,10005,27-7 -16,33.0
241,10005,27-7 -16,40.0
242,10005,27-7 -16,57.0
243,66000,27-7 -16,55.0
205,10009,27-7 -16,38.0
255,10020,27-7 -16,35.0
256,67000,27-7 -16,31.0
257,67000,27-7 -16,31.0
258,67000,27-7 -16,36.0
259,67000,27-7 -16,25.0
260,64000,27-7 -16,29.0
206,64000,27-7 -16,36.0
261,64000,27-7 -16,50.0
207,64000,27-7 -16,42.0
262,64000,27-7 -16,29.0
263,64000,27-7 -16,32.0
367625,10009,03-8 -16,37.0
276,10017,03-8 -16,47.0
277,65000,03-8 -16,43.0
278,65000,03-8 -16,48.0
279,65000,03-8 -16,41.0
280,65000,03-8 -16,44.0
281,65000,03-8 -16,47.0
282,65000,03-8 -16,40.0
250,10008,03-8 -16,35.0
251,10009,03-8 -16,23.0
252,10009,03-8 -16,22.0
253,10010,03-8 -16,25.0
254,10010,03-8 -16,31.0
205,10009,03-8 -16,
255,10020,03-8 -16,32.0
256,67000,03-8 -16,34.0
257,67000,03-8 -16,25.0
258,67000,03-8 -16,32.0
259,67000,03-8 -16,21.0
276,10017,27-7 -16,28.0
277,65000,27-7 -16,33.0
278,65000,27-7 -16,34.0
279,65000,27-7 -16,28.0
280,65000,27-7 -16,27.0
281,65000,27-7 -16,32.0
282,65000,27-7 -16,20.0
283,65000,27-7 -16,31.0
284,65000,27-7 -16,31.0
285,65000,27-7 -16,27.0
286,63000,27-7 -16,31.0
287,63000,27-7 -16,30.0
288,63000,27-7 -16,29.0
289,63000,27-7 -16,25.0
290,63000,27-7 -16,35.0
201,63000,27-7 -16,44.0
291,68000,27-7 -16,26.0
249,10007,03-8 -16,25.0
289,63000,26-7 -16,44.0
290,63000,26-7 -16,52.0
294,68000,26-7 -16,50.0
295,10004,26-7 -16,34.0
296,10004,26-7 -16,34.0
297,10018,26-7 -16,30.0
203,10005,26-7 -16,34.0
241,10005,26-7 -16,36.0
242,10005,26-7 -16,33.0
243,66000,26-7 -16,41.0
218,9007,26-7 -16,21.0
220,9020,26-7 -16,26.0
221,10016,26-7 -16,14.0
223,10014,26-7 -16,10.0
367625,10009,26-7 -16,56.0
276,10017,26-7 -16,10.0
277,65000,26-7 -16,16.0
278,65000,26-7 -16,15.0
279,65000,26-7 -16,22.0
280,65000,26-7 -16,28.0
281,65000,26-7 -16,34.0
282,65000,26-7 -16,25.0
283,65000,26-7 -16,33.0
284,65000,26-7 -16,40.0
285,65000,26-7 -16,20.0
273,10002,27-7 -16,35.0
274,10002,27-7 -16,33.0
211,65000,27-7 -16,48.0
212,68000,27-7 -16,52.0
275,10008,27-7 -16,30.0
213,65000,27-7 -16,33.0
214,64000,27-7 -16,26.0
215,10008,27-7 -16,39.0
218,9007,27-7 -16,38.0
220,9020,27-7 -16,27.0
221,10016,27-7 -16,16.0
286,63000,26-7 -16,43.0
287,63000,26-7 -16,50.0
288,63000,26-7 -16,41.0
250,10008,26-7 -16,49.0
223,10014,27-7 -16,21.0
367625,10009,27-7 -16,51.0
271,10014,27-7 -16,25.0
272,10015,27-7 -16,24.0
210,63000,27-7 -16,31.0
272,10015,26-7 -16,18.0
210,63000,26-7 -16,35.0
273,10002,26-7 -16,22.0
274,10002,26-7 -16,22.0
211,65000,26-7 -16,48.0
212,68000,26-7 -16,56.0
275,10008,26-7 -16,43.0
213,65000,26-7 -16,21.0
214,64000,26-7 -16,24.0
215,10008,26-7 -16,40.0
264,64000,27-7 -16,39.0
265,64000,27-7 -16,39.0
266,64000,27-7 -16,30.0
209,64000,27-7 -16,24.0
267,64000,27-7 -16,27.0
268,10013,27-7 -16,37.0
269,10013,27-7 -16,44.0
270,10013,27-7 -16,37.0
295,10004,02-8 -16,25.0
255,10020,02-8 -16,34.0
296,10004,02-8 -16,35.0
297,10018,02-8 -16,40.0
203,10005,02-8 -16,38.0
241,10005,02-8 -16,43.0
242,10005,02-8 -16,35.0
243,66000,02-8 -16,34.0
244,66000,02-8 -16,52.0
245,66000,02-8 -16,40.0
246,66000,02-8 -16,48.0
247,66000,02-8 -16,62.0
248,10007,02-8 -16,63.0
204,10007,02-8 -16,60.0
249,10007,02-8 -16,81.0
250,10008,02-8 -16,50.0
251,10009,02-8 -16,42.0
252,10009,02-8 -16,47.0
253,10010,02-8 -16,34.0
254,10010,02-8 -16,41.0
205,10009,02-8 -16,48.0
256,67000,02-8 -16,42.0
257,67000,02-8 -16,22.0
258,67000,02-8 -16,33.0
270,10013,02-8 -16,28.0
271,10014,02-8 -16,25.0
272,10015,02-8 -16,22.0
210,63000,02-8 -16,29.0
273,10002,02-8 -16,27.0
274,10002,02-8 -16,22.0
211,65000,02-8 -16,47.0
212,68000,02-8 -16,44.0
275,10008,02-8 -16,36.0
213,65000,02-8 -16,26.0
214,64000,02-8 -16,16.0
215,10008,02-8 -16,29.0
218,9007,02-8 -16,48.0
220,9020,02-8 -16,37.0
269,10013,02-8 -16,27.0
221,10016,02-8 -16,28.0
223,10014,02-8 -16,9.0
367625,10009,02-8 -16,49.0
276,10017,02-8 -16,18.0
277,65000,02-8 -16,12.0
278,65000,02-8 -16,20.0
287,63000,02-8 -16,19.0
288,63000,02-8 -16,25.0
289,63000,02-8 -16,20.0
290,63000,02-8 -16,21.0
201,63000,02-8 -16,37.0
291,68000,02-8 -16,27.0
292,68000,02-8 -16,35.0
202,68000,02-8 -16,22.0
293,68000,02-8 -16,34.0
294,68000,02-8 -16,37.0
289,63000,01-8 -16,28.0
290,63000,01-8 -16,22.0
201,63000,01-8 -16,26.0
291,68000,01-8 -16,21.0
292,68000,01-8 -16,26.0
202,68000,01-8 -16,23.0
293,68000,01-8 -16,20.0
294,68000,01-8 -16,22.0
295,10004,01-8 -16,22.0
296,10004,01-8 -16,21.0
297,10018,01-8 -16,23.0
203,10005,01-8 -16,30.0
241,10005,01-8 -16,35.0
242,10005,01-8 -16,27.0
243,66000,01-8 -16,28.0
252,10009,01-8 -16,38.0
253,10010,01-8 -16,50.0
254,10010,01-8 -16,56.0
205,10009,01-8 -16,46.0
255,10020,01-8 -16,42.0
256,67000,01-8 -16,49.0
257,67000,01-8 -16,34.0
258,67000,01-8 -16,39.0
259,67000,01-8 -16,27.0
260,64000,01-8 -16,18.0
206,64000,01-8 -16,26.0
261,64000,01-8 -16,45.0
207,64000,01-8 -16,42.0
262,64000,01-8 -16,25.0
263,64000,01-8 -16,36.0
264,64000,01-8 -16,37.0
265,64000,01-8 -16,37.0
266,64000,01-8 -16,30.0
209,64000,01-8 -16,32.0
267,64000,01-8 -16,39.0
268,10013,01-8 -16,24.0
269,10013,01-8 -16,26.0
270,10013,01-8 -16,39.0
272,10015,01-8 -16,18.0
210,63000,01-8 -16,13.0
273,10002,01-8 -16,19.0
274,10002,01-8 -16,14.0
211,65000,01-8 -16,27.0
212,68000,01-8 -16,25.0
275,10008,01-8 -16,55.0
213,65000,01-8 -16,14.0
214,64000,01-8 -16,45.0
215,10008,01-8 -16,36.0
218,9007,01-8 -16,25.0
220,9020,01-8 -16,44.0
221,10016,01-8 -16,25.0
223,10014,01-8 -16,20.0
367625,10009,01-8 -16,60.0
276,10017,01-8 -16,12.0
277,65000,01-8 -16,11.0
278,65000,01-8 -16,16.0
279,65000,01-8 -16,13.0
280,65000,01-8 -16,11.0
281,65000,01-8 -16,16.0
282,65000,01-8 -16,11.0
283,65000,01-8 -16,17.0
259,67000,02-8 -16,28.0
260,64000,02-8 -16,15.0
206,64000,02-8 -16,30.0
261,64000,02-8 -16,47.0
207,64000,02-8 -16,30.0
262,64000,02-8 -16,20.0
263,64000,02-8 -16,35.0
264,64000,02-8 -16,28.0
265,64000,02-8 -16,31.0
266,64000,02-8 -16,33.0
209,64000,02-8 -16,30.0
267,64000,02-8 -16,50.0
268,10013,02-8 -16,27.0
279,65000,02-8 -16,19.0
280,65000,02-8 -16,31.0
281,65000,02-8 -16,26.0
282,65000,02-8 -16,27.0
283,65000,02-8 -16,28.0
284,65000,02-8 -16,36.0
285,65000,02-8 -16,23.0
286,63000,02-8 -16,22.0
244,66000,01-8 -16,37.0
245,66000,01-8 -16,46.0
246,66000,01-8 -16,31.0
247,66000,01-8 -16,40.0
248,10007,01-8 -16,35.0
204,10007,01-8 -16,30.0
249,10007,01-8 -16,33.0
250,10008,01-8 -16,43.0
251,10009,01-8 -16,36.0
271,10014,01-8 -16,38.0
284,65000,01-8 -16,18.0
285,65000,01-8 -16,20.0
286,63000,01-8 -16,21.0
287,63000,01-8 -16,17.0
288,63000,01-8 -16,17.0
267,64000,12-8 -16,21.0
268,10013,12-8 -16,20.0
269,10013,12-8 -16,27.0
270,10013,12-8 -16,28.0
271,10014,12-8 -16,13.0
221,10016,20-8 -16,26.0
223,10014,20-8 -16,18.0
367625,10009,20-8 -16,44.0
276,10017,20-8 -16,17.0
277,65000,20-8 -16,21.0
278,65000,20-8 -16,18.0
279,65000,20-8 -16,20.0
280,65000,20-8 -16,33.0
281,65000,20-8 -16,30.0
282,65000,20-8 -16,28.0
283,65000,20-8 -16,22.0
284,65000,20-8 -16,34.0
285,65000,20-8 -16,25.0
286,63000,20-8 -16,23.0
287,63000,20-8 -16,22.0
288,63000,20-8 -16,22.0
289,63000,20-8 -16,21.0
290,63000,20-8 -16,22.0
201,63000,20-8 -16,40.0
291,68000,20-8 -16,36.0
292,68000,20-8 -16,42.0
202,68000,20-8 -16,45.0
293,68000,20-8 -16,39.0
294,68000,20-8 -16,39.0
295,10004,20-8 -16,37.0
296,10004,20-8 -16,36.0
297,10018,20-8 -16,37.0
203,10005,20-8 -16,39.0
241,10005,20-8 -16,43.0
242,10005,20-8 -16,33.0
243,66000,20-8 -16,24.0
244,66000,20-8 -16,30.0
245,66000,20-8 -16,27.0
289,63000,21-8 -16,44.0
290,63000,21-8 -16,44.0
201,63000,21-8 -16,54.0
291,68000,21-8 -16,44.0
286,63000,12-8 -16,23.0
287,63000,12-8 -16,27.0
288,63000,12-8 -16,30.0
289,63000,12-8 -16,29.0
290,63000,12-8 -16,25.0
201,63000,12-8 -16,46.0
291,68000,12-8 -16,36.0
292,68000,12-8 -16,38.0
202,68000,12-8 -16,41.0
293,68000,12-8 -16,40.0
294,68000,12-8 -16,39.0
295,10004,12-8 -16,35.0
296,10004,12-8 -16,32.0
297,10018,12-8 -16,34.0
203,10005,12-8 -16,34.0
241,10005,12-8 -16,42.0
242,10005,12-8 -16,36.0
243,66000,12-8 -16,35.0
244,66000,12-8 -16,30.0
245,66000,12-8 -16,28.0
246,66000,12-8 -16,20.0
247,66000,12-8 -16,28.0
248,10007,12-8 -16,26.0
204,10007,12-8 -16,21.0
249,10007,12-8 -16,12.0
250,10008,12-8 -16,37.0
251,10009,12-8 -16,26.0
252,10009,12-8 -16,22.0
253,10010,12-8 -16,23.0
254,10010,12-8 -16,30.0
205,10009,12-8 -16,18.0
255,10020,12-8 -16,27.0
256,67000,12-8 -16,30.0
257,67000,12-8 -16,22.0
246,66000,20-8 -16,40.0
247,66000,20-8 -16,44.0
248,10007,20-8 -16,46.0
204,10007,20-8 -16,41.0
249,10007,20-8 -16,40.0
250,10008,20-8 -16,41.0
251,10009,20-8 -16,33.0
252,10009,20-8 -16,38.0
245,66000,18-8 -16,30.0
246,66000,18-8 -16,32.0
247,66000,18-8 -16,32.0
248,10007,18-8 -16,32.0
204,10007,18-8 -16,35.0
249,10007,18-8 -16,26.0
250,10008,18-8 -16,27.0
251,10009,18-8 -16,26.0
252,10009,18-8 -16,28.0
253,10010,18-8 -16,24.0
254,10010,18-8 -16,32.0
205,10009,18-8 -16,28.0
255,10020,18-8 -16,27.0
256,67000,18-8 -16,24.0
257,67000,18-8 -16,24.0
258,67000,18-8 -16,33.0
259,67000,18-8 -16,27.0
260,64000,18-8 -16,20.0
206,64000,18-8 -16,26.0
261,64000,18-8 -16,40.0
207,64000,18-8 -16,35.0
262,64000,17-8 -16,
263,64000,18-8 -16,60.0
264,64000,18-8 -16,35.0
265,64000,18-8 -16,30.0
266,64000,18-8 -16,30.0
209,64000,18-8 -16,29.0
267,64000,18-8 -16,50.0
268,10013,18-8 -16,23.0
269,10013,18-8 -16,33.0
270,10013,18-8 -16,29.0
271,10014,18-8 -16,24.0
272,10015,18-8 -16,41.0
210,63000,18-8 -16,13.0
273,10002,18-8 -16,40.0
274,10002,18-8 -16,39.0
211,65000,18-8 -16,41.0
212,68000,18-8 -16,38.0
273,10002,17-8 -16,25.0
274,10002,17-8 -16,
211,65000,17-8 -16,41.0
212,68000,17-8 -16,55.0
275,10008,17-8 -16,18.0
213,65000,17-8 -16,20.0
214,64000,17-8 -16,17.0
215,10008,17-8 -16,18.0
218,9007,17-8 -16,35.0
220,9020,17-8 -16,25.0
221,10016,17-8 -16,21.0
223,10014,17-8 -16,23.0
367625,10009,17-8 -16,38.0
276,10017,17-8 -16,21.0
277,65000,17-8 -16,22.0
278,65000,17-8 -16,16.0
279,65000,17-8 -16,22.0
280,65000,17-8 -16,31.0
281,65000,17-8 -16,50.0
282,65000,17-8 -16,36.0
283,65000,17-8 -16,24.0
284,65000,17-8 -16,35.0
285,65000,17-8 -16,17.0
286,63000,17-8 -16,22.0
287,63000,17-8 -16,24.0
288,63000,17-8 -16,25.0
289,63000,17-8 -16,19.0
290,63000,17-8 -16,25.0
201,63000,17-8 -16,37.0
291,68000,17-8 -16,32.0
292,68000,17-8 -16,25.0
202,68000,17-8 -16,32.0
293,68000,17-8 -16,44.0
294,68000,17-8 -16,75.0
295,10004,17-8 -16,38.0
296,10004,17-8 -16,35.0
297,10018,17-8 -16,29.0
203,10005,17-8 -16,31.0
206,64000,20-8 -16,26.0
261,64000,20-8 -16,49.0
207,64000,20-8 -16,30.0
263,64000,20-8 -16,22.0
264,64000,20-8 -16,33.0
265,64000,20-8 -16,33.0
266,64000,20-8 -16,26.0
209,64000,20-8 -16,25.0
267,64000,20-8 -16,22.0
268,10013,20-8 -16,26.0
269,10013,20-8 -16,29.0
270,10013,20-8 -16,30.0
271,10014,20-8 -16,20.0
272,10015,20-8 -16,25.0
210,63000,20-8 -16,18.0
273,10002,20-8 -16,33.0
274,10002,20-8 -16,33.0
211,65000,20-8 -16,38.0
212,68000,20-8 -16,37.0
275,10008,20-8 -16,28.0
213,65000,20-8 -16,23.0
214,64000,20-8 -16,20.0
215,10008,20-8 -16,26.0
218,9007,20-8 -16,50.0
220,9020,20-8 -16,56.0
258,67000,20-8 -16,36.0
259,67000,20-8 -16,33.0
260,64000,20-8 -16,29.0
258,67000,12-8 -16,33.0
259,67000,12-8 -16,36.0
260,64000,12-8 -16,
206,64000,12-8 -16,25.0
261,64000,12-8 -16,27.0
207,64000,12-8 -16,19.0
262,64000,12-8 -16,29.0
263,64000,12-8 -16,33.0
264,64000,12-8 -16,22.0
265,64000,12-8 -16,27.0
266,64000,12-8 -16,26.0
209,64000,12-8 -16,20.0
272,10015,12-8 -16,36.0
210,63000,12-8 -16,24.0
273,10002,12-8 -16,27.0
274,10002,12-8 -16,21.0
211,65000,12-8 -16,32.0
212,68000,12-8 -16,38.0
275,10008,12-8 -16,25.0
213,65000,12-8 -16,24.0
214,64000,12-8 -16,19.0
215,10008,12-8 -16,24.0
218,9007,12-8 -16,27.0
220,9020,12-8 -16,38.0
221,10016,12-8 -16,24.0
223,10014,12-8 -16,12.0
367625,10009,12-8 -16,30.0
276,10017,12-8 -16,25.0
253,10010,21-8 -16,32.0
254,10010,21-8 -16,35.0
205,10009,21-8 -16,35.0
255,10020,21-8 -16,29.0
256,67000,21-8 -16,28.0
257,67000,21-8 -16,24.0
258,67000,21-8 -16,33.0
259,67000,21-8 -16,36.0
260,64000,21-8 -16,20.0
206,64000,21-8 -16,35.0
261,64000,21-8 -16,48.0
207,64000,21-8 -16,38.0
263,64000,21-8 -16,29.0
264,64000,21-8 -16,42.0
272,10015,21-8 -16,29.0
210,63000,21-8 -16,25.0
273,10002,21-8 -16,47.0
274,10002,21-8 -16,44.0
211,65000,21-8 -16,54.0
212,68000,21-8 -16,44.0
275,10008,21-8 -16,27.0
213,65000,21-8 -16,36.0
214,64000,21-8 -16,24.0
215,10008,21-8 -16,27.0
218,9007,21-8 -16,38.0
220,9020,21-8 -16,74.0
221,10016,21-8 -16,39.0
223,10014,21-8 -16,28.0
367625,10009,21-8 -16,51.0
276,10017,21-8 -16,34.0
277,65000,21-8 -16,39.0
278,65000,21-8 -16,35.0
279,65000,21-8 -16,43.0
280,65000,21-8 -16,44.0
281,65000,21-8 -16,50.0
282,65000,21-8 -16,50.0
283,65000,21-8 -16,46.0
275,10008,18-8 -16,23.0
213,65000,18-8 -16,35.0
214,64000,18-8 -16,38.0
215,10008,18-8 -16,21.0
218,9007,18-8 -16,40.0
220,9020,18-8 -16,22.0
221,10016,18-8 -16,26.0
223,10014,18-8 -16,19.0
367625,10009,18-8 -16,46.0
276,10017,18-8 -16,22.0
277,65000,18-8 -16,20.0
278,65000,18-8 -16,24.0
279,65000,18-8 -16,26.0
280,65000,18-8 -16,24.0
281,65000,18-8 -16,42.0
282,65000,18-8 -16,25.0
283,65000,18-8 -16,23.0
284,65000,18-8 -16,28.0
285,65000,18-8 -16,52.0
286,63000,18-8 -16,21.0
287,63000,18-8 -16,26.0
288,63000,18-8 -16,27.0
289,63000,18-8 -16,26.0
290,63000,18-8 -16,19.0
201,63000,18-8 -16,39.0
291,68000,18-8 -16,24.0
292,68000,18-8 -16,21.0
202,68000,18-8 -16,28.0
293,68000,18-8 -16,31.0
294,68000,18-8 -16,50.0
295,10004,18-8 -16,18.0
296,10004,18-8 -16,28.0
297,10018,18-8 -16,24.0
203,10005,18-8 -16,31.0
241,10005,18-8 -16,26.0
242,10005,18-8 -16,16.0
243,66000,18-8 -16,18.0
244,66000,18-8 -16,22.0
253,10010,20-8 -16,25.0
254,10010,20-8 -16,33.0
205,10009,20-8 -16,25.0
255,10020,20-8 -16,27.0
256,67000,20-8 -16,23.0
277,65000,12-8 -16,22.0
278,65000,12-8 -16,27.0
279,65000,12-8 -16,27.0
280,65000,12-8 -16,30.0
281,65000,12-8 -16,26.0
282,65000,12-8 -16,30.0
283,65000,12-8 -16,28.0
284,65000,12-8 -16,31.0
285,65000,12-8 -16,26.0
257,67000,20-8 -16,30.0
285,65000,21-8 -16,44.0
286,63000,21-8 -16,43.0
287,63000,21-8 -16,44.0
288,63000,21-8 -16,43.0
292,68000,21-8 -16,49.0
202,68000,21-8 -16,42.0
293,68000,21-8 -16,50.0
294,68000,21-8 -16,53.0
295,10004,21-8 -16,42.0
296,10004,21-8 -16,36.0
297,10018,21-8 -16,43.0
203,10005,21-8 -16,47.0
241,10005,21-8 -16,46.0
242,10005,21-8 -16,32.0
243,66000,21-8 -16,37.0
244,66000,21-8 -16,46.0
245,66000,21-8 -16,33.0
246,66000,21-8 -16,24.0
247,66000,21-8 -16,38.0
248,10007,21-8 -16,37.0
204,10007,21-8 -16,
249,10007,21-8 -16,25.0
250,10008,21-8 -16,33.0
251,10009,21-8 -16,25.0
252,10009,21-8 -16,28.0
241,10005,17-8 -16,29.0
242,10005,17-8 -16,17.0
284,65000,21-8 -16,52.0
265,64000,21-8 -16,45.0
266,64000,21-8 -16,35.0
209,64000,21-8 -16,39.0
267,64000,21-8 -16,31.0
268,10013,21-8 -16,24.0
269,10013,21-8 -16,37.0
270,10013,21-8 -16,25.0
271,10014,21-8 -16,26.0
260,64000,11-8 -16,14.0
243,66000,17-8 -16,22.0
244,66000,17-8 -16,29.0
245,66000,17-8 -16,30.0
246,66000,17-8 -16,15.0
247,66000,17-8 -16,25.0
248,10007,17-8 -16,40.0
204,10007,17-8 -16,25.0
249,10007,17-8 -16,29.0
250,10008,17-8 -16,30.0
251,10009,17-8 -16,22.0
252,10009,17-8 -16,21.0
253,10010,17-8 -16,21.0
254,10010,17-8 -16,31.0
205,10009,17-8 -16,20.0
255,10020,17-8 -16,18.0
256,67000,17-8 -16,20.0
257,67000,17-8 -16,18.0
258,67000,17-8 -16,31.0
259,67000,17-8 -16,23.0
260,64000,17-8 -16,17.0
206,64000,17-8 -16,14.0
261,64000,17-8 -16,35.0
207,64000,17-8 -16,32.0
263,64000,17-8 -16,36.0
264,64000,17-8 -16,26.0
265,64000,17-8 -16,33.0
266,64000,17-8 -16,31.0
209,64000,17-8 -16,26.0
267,64000,17-8 -16,34.0
268,10013,17-8 -16,20.0
269,10013,17-8 -16,24.0
270,10013,17-8 -16,33.0
271,10014,17-8 -16,22.0
272,10015,17-8 -16,27.0
210,63000,17-8 -16,25.0
262,64000,14-8 -16,16.0
263,64000,14-8 -16,22.0
264,64000,14-8 -16,
265,64000,14-8 -16,28.0
266,64000,14-8 -16,20.0
209,64000,14-8 -16,22.0
267,64000,14-8 -16,28.0
268,10013,14-8 -16,23.0
269,10013,14-8 -16,31.0
270,10013,14-8 -16,26.0
271,10014,14-8 -16,22.0
272,10015,14-8 -16,26.0
210,63000,14-8 -16,29.0
273,10002,14-8 -16,21.0
274,10002,14-8 -16,25.0
211,65000,14-8 -16,
212,68000,14-8 -16,48.0
207,64000,14-8 -16,47.0
275,10008,14-8 -16,41.0
213,65000,14-8 -16,30.0
214,64000,14-8 -16,34.0
213,65000,10-8 -16,19.0
214,64000,10-8 -16,28.0
215,10008,10-8 -16,27.0
218,9007,10-8 -16,24.0
220,9020,10-8 -16,30.0
221,10016,10-8 -16,36.0
223,10014,10-8 -16,19.0
367625,10009,10-8 -16,42.0
276,10017,10-8 -16,22.0
277,65000,10-8 -16,15.0
278,65000,10-8 -16,23.0
279,65000,10-8 -16,28.0
280,65000,10-8 -16,22.0
281,65000,10-8 -16,31.0
282,65000,10-8 -16,29.0
294,68000,10-8 -16,38.0
295,10004,10-8 -16,
296,10004,10-8 -16,23.0
297,10018,10-8 -16,26.0
203,10005,10-8 -16,31.0
241,10005,10-8 -16,27.0
242,10005,10-8 -16,25.0
243,66000,10-8 -16,20.0
244,66000,10-8 -16,35.0
245,66000,10-8 -16,26.0
246,66000,10-8 -16,23.0
247,66000,10-8 -16,26.0
248,10007,10-8 -16,29.0
204,10007,10-8 -16,
249,10007,10-8 -16,35.0
250,10008,10-8 -16,28.0
251,10009,10-8 -16,28.0
252,10009,10-8 -16,30.0
253,10010,10-8 -16,34.0
254,10010,10-8 -16,35.0
205,10009,10-8 -16,35.0
255,10020,10-8 -16,26.0
256,67000,10-8 -16,32.0
289,63000,08-8 -16,28.0
290,63000,08-8 -16,24.0
201,63000,08-8 -16,39.0
291,68000,08-8 -16,25.0
292,68000,08-8 -16,25.0
202,68000,08-8 -16,26.0
293,68000,08-8 -16,32.0
294,68000,08-8 -16,33.0
295,10004,08-8 -16,26.0
296,10004,08-8 -16,30.0
297,10018,08-8 -16,28.0
203,10005,08-8 -16,32.0
205,10009,08-8 -16,24.0
255,10020,08-8 -16,43.0
256,67000,08-8 -16,51.0
257,67000,08-8 -16,42.0
258,67000,08-8 -16,43.0
259,67000,08-8 -16,48.0
260,64000,08-8 -16,18.0
206,64000,08-8 -16,40.0
261,64000,08-8 -16,
207,64000,08-8 -16,44.0
262,64000,08-8 -16,47.0
263,64000,08-8 -16,34.0
264,64000,08-8 -16,41.0
265,64000,08-8 -16,43.0
266,64000,08-8 -16,41.0
209,64000,08-8 -16,37.0
267,64000,08-8 -16,39.0
268,10013,08-8 -16,51.0
269,10013,08-8 -16,64.0
270,10013,08-8 -16,35.0
271,10014,08-8 -16,19.0
272,10015,08-8 -16,30.0
210,63000,08-8 -16,27.0
273,10002,08-8 -16,39.0
274,10002,08-8 -16,32.0
211,65000,08-8 -16,32.0
280,65000,14-8 -16,16.0
281,65000,14-8 -16,11.0
282,65000,14-8 -16,18.0
283,65000,14-8 -16,14.0
284,65000,14-8 -16,17.0
285,65000,14-8 -16,20.0
286,63000,14-8 -16,19.0
276,10017,19-8 -16,62.0
277,65000,19-8 -16,71.0
278,65000,19-8 -16,59.0
279,65000,19-8 -16,77.0
280,65000,19-8 -16,56.0
281,65000,19-8 -16,55.0
282,65000,19-8 -16,52.0
283,65000,19-8 -16,54.0
284,65000,19-8 -16,50.0
285,65000,19-8 -16,36.0
286,63000,19-8 -16,52.0
287,63000,19-8 -16,48.0
288,63000,19-8 -16,50.0
289,63000,19-8 -16,63.0
290,63000,19-8 -16,68.0
201,63000,19-8 -16,54.0
291,68000,19-8 -16,58.0
292,68000,19-8 -16,40.0
202,68000,19-8 -16,46.0
293,68000,19-8 -16,
294,68000,19-8 -16,47.0
295,10004,19-8 -16,39.0
296,10004,19-8 -16,39.0
297,10018,19-8 -16,45.0
203,10005,19-8 -16,50.0
241,10005,19-8 -16,48.0
242,10005,19-8 -16,42.0
243,66000,19-8 -16,
244,66000,19-8 -16,49.0
245,66000,19-8 -16,50.0
246,66000,19-8 -16,21.0
247,66000,19-8 -16,32.0
248,10007,19-8 -16,20.0
204,10007,19-8 -16,26.0
249,10007,19-8 -16,23.0
250,10008,19-8 -16,24.0
251,10009,19-8 -16,21.0
252,10009,19-8 -16,24.0
253,10010,19-8 -16,37.0
254,10010,19-8 -16,
205,10009,19-8 -16,30.0
255,10020,19-8 -16,26.0
256,67000,19-8 -16,40.0
257,67000,19-8 -16,28.0
258,67000,19-8 -16,43.0
259,67000,19-8 -16,31.0
260,64000,19-8 -16,16.0
206,64000,19-8 -16,26.0
261,64000,19-8 -16,39.0
207,64000,19-8 -16,50.0
263,64000,19-8 -16,56.0
264,64000,19-8 -16,47.0
265,64000,19-8 -16,46.0
266,64000,19-8 -16,47.0
209,64000,19-8 -16,45.0
267,64000,19-8 -16,49.0
268,10013,19-8 -16,30.0
206,64000,16-8 -16,21.0
261,64000,16-8 -16,23.0
207,64000,16-8 -16,25.0
262,64000,16-8 -16,17.0
263,64000,16-8 -16,31.0
264,64000,16-8 -16,33.0
274,10002,16-8 -16,
211,65000,16-8 -16,52.0
212,68000,16-8 -16,46.0
275,10008,16-8 -16,29.0
213,65000,16-8 -16,39.0
214,64000,16-8 -16,16.0
215,10008,16-8 -16,29.0
218,9007,16-8 -16,28.0
220,9020,16-8 -16,23.0
221,10016,16-8 -16,21.0
223,10014,16-8 -16,17.0
367625,10009,16-8 -16,34.0
276,10017,16-8 -16,18.0
277,65000,16-8 -16,27.0
278,65000,16-8 -16,14.0
279,65000,16-8 -16,35.0
280,65000,16-8 -16,31.0
281,65000,16-8 -16,46.0
282,65000,16-8 -16,33.0
283,65000,16-8 -16,36.0
284,65000,16-8 -16,44.0
285,65000,16-8 -16,38.0
286,63000,16-8 -16,38.0
287,63000,16-8 -16,44.0
288,63000,16-8 -16,33.0
289,63000,16-8 -16,37.0
290,63000,16-8 -16,38.0
201,63000,16-8 -16,51.0
291,68000,16-8 -16,38.0
292,68000,16-8 -16,40.0
202,68000,16-8 -16,48.0
293,68000,16-8 -16,37.0
258,67000,16-8 -16,33.0
259,67000,16-8 -16,20.0
260,64000,16-8 -16,12.0
265,64000,16-8 -16,26.0
266,64000,16-8 -16,24.0
209,64000,16-8 -16,17.0
267,64000,16-8 -16,39.0
268,10013,16-8 -16,21.0
269,10013,16-8 -16,31.0
270,10013,16-8 -16,25.0
271,10014,16-8 -16,19.0
272,10015,16-8 -16,21.0
210,63000,16-8 -16,20.0
273,10002,16-8 -16,24.0
265,64000,10-8 -16,43.0
266,64000,10-8 -16,39.0
209,64000,10-8 -16,31.0
267,64000,10-8 -16,30.0
268,10013,10-8 -16,28.0
269,10013,10-8 -16,52.0
270,10013,10-8 -16,23.0
271,10014,10-8 -16,21.0
272,10015,10-8 -16,27.0
210,63000,10-8 -16,21.0
273,10002,10-8 -16,28.0
274,10002,10-8 -16,21.0
211,65000,10-8 -16,36.0
212,68000,10-8 -16,35.0
275,10008,10-8 -16,35.0
291,68000,10-8 -16,37.0
292,68000,10-8 -16,33.0
202,68000,10-8 -16,43.0
293,68000,10-8 -16,32.0
277,65000,08-8 -16,29.0
278,65000,08-8 -16,30.0
279,65000,08-8 -16,35.0
280,65000,08-8 -16,37.0
281,65000,08-8 -16,30.0
282,65000,08-8 -16,29.0
283,65000,08-8 -16,28.0
284,65000,08-8 -16,29.0
285,65000,08-8 -16,15.0
286,63000,08-8 -16,28.0
287,63000,08-8 -16,25.0
288,63000,08-8 -16,27.0
248,10007,08-8 -16,35.0
204,10007,08-8 -16,27.0
249,10007,08-8 -16,28.0
250,10008,08-8 -16,38.0
251,10009,08-8 -16,35.0
252,10009,08-8 -16,29.0
253,10010,08-8 -16,30.0
254,10010,08-8 -16,38.0
244,66000,07-8 -16,24.0
245,66000,07-8 -16,29.0
246,66000,07-8 -16,15.0
247,66000,07-8 -16,24.0
248,10007,07-8 -16,27.0
204,10007,07-8 -16,21.0
249,10007,07-8 -16,41.0
250,10008,07-8 -16,32.0
251,10009,07-8 -16,33.0
252,10009,07-8 -16,29.0
253,10010,07-8 -16,29.0
254,10010,07-8 -16,44.0
205,10009,07-8 -16,24.0
255,10020,07-8 -16,32.0
256,67000,07-8 -16,33.0
257,67000,07-8 -16,27.0
258,67000,07-8 -16,29.0
212,68000,08-8 -16,33.0
275,10008,08-8 -16,36.0
213,65000,08-8 -16,15.0
214,64000,08-8 -16,29.0
215,10008,08-8 -16,20.0
218,9007,08-8 -16,21.0
220,9020,08-8 -16,34.0
221,10016,08-8 -16,37.0
223,10014,08-8 -16,15.0
367625,10009,08-8 -16,32.0
276,10017,08-8 -16,11.0
275,10008,07-8 -16,52.0
213,65000,07-8 -16,16.0
214,64000,07-8 -16,31.0
215,10008,07-8 -16,34.0
218,9007,07-8 -16,42.0
220,9020,07-8 -16,59.0
221,10016,07-8 -16,25.0
223,10014,07-8 -16,20.0
367625,10009,07-8 -16,51.0
276,10017,07-8 -16,16.0
277,65000,07-8 -16,15.0
278,65000,07-8 -16,19.0
279,65000,07-8 -16,22.0
280,65000,07-8 -16,19.0
281,65000,07-8 -16,21.0
288,63000,07-8 -16,29.0
289,63000,07-8 -16,37.0
290,63000,07-8 -16,33.0
201,63000,07-8 -16,34.0
291,68000,07-8 -16,32.0
292,68000,07-8 -16,23.0
202,68000,07-8 -16,24.0
293,68000,07-8 -16,26.0
294,68000,07-8 -16,38.0
295,10004,07-8 -16,23.0
296,10004,07-8 -16,30.0
297,10018,07-8 -16,22.0
203,10005,07-8 -16,24.0
241,10005,07-8 -16,31.0
242,10005,07-8 -16,38.0
243,66000,07-8 -16,38.0
285,65000,10-8 -16,25.0
286,63000,10-8 -16,29.0
287,63000,10-8 -16,25.0
288,63000,10-8 -16,25.0
289,63000,10-8 -16,22.0
290,63000,10-8 -16,24.0
201,63000,10-8 -16,35.0
248,10007,14-8 -16,35.0
204,10007,14-8 -16,31.0
249,10007,14-8 -16,40.0
250,10008,14-8 -16,35.0
251,10009,14-8 -16,31.0
252,10009,14-8 -16,27.0
253,10010,14-8 -16,26.0
254,10010,14-8 -16,27.0
205,10009,14-8 -16,23.0
255,10020,14-8 -16,28.0
256,67000,14-8 -16,22.0
257,67000,14-8 -16,19.0
258,67000,14-8 -16,27.0
259,67000,14-8 -16,23.0
260,64000,14-8 -16,14.0
206,64000,14-8 -16,21.0
261,64000,14-8 -16,39.0
241,10005,08-8 -16,29.0
242,10005,08-8 -16,24.0
243,66000,08-8 -16,27.0
259,67000,07-8 -16,37.0
260,64000,07-8 -16,18.0
206,64000,07-8 -16,31.0
261,64000,07-8 -16,38.0
207,64000,07-8 -16,35.0
262,64000,07-8 -16,25.0
263,64000,07-8 -16,24.0
264,64000,07-8 -16,38.0
265,64000,07-8 -16,40.0
266,64000,07-8 -16,38.0
209,64000,07-8 -16,32.0
267,64000,07-8 -16,28.0
268,10013,07-8 -16,19.0
269,10013,07-8 -16,38.0
270,10013,07-8 -16,31.0
271,10014,07-8 -16,23.0
272,10015,07-8 -16,22.0
215,10008,14-8 -16,29.0
218,9007,14-8 -16,27.0
220,9020,14-8 -16,52.0
221,10016,14-8 -16,38.0
223,10014,14-8 -16,26.0
367625,10009,14-8 -16,50.0
276,10017,14-8 -16,28.0
277,65000,14-8 -16,28.0
278,65000,14-8 -16,30.0
279,65000,14-8 -16,31.0
287,63000,14-8 -16,27.0
288,63000,14-8 -16,25.0
289,63000,14-8 -16,30.0
290,63000,14-8 -16,28.0
201,63000,14-8 -16,29.0
291,68000,14-8 -16,39.0
292,68000,14-8 -16,55.0
202,68000,14-8 -16,61.0
257,67000,10-8 -16,29.0
258,67000,10-8 -16,29.0
259,67000,10-8 -16,25.0
260,64000,09-8 -16,
206,64000,10-8 -16,30.0
261,64000,10-8 -16,50.0
207,64000,10-8 -16,38.0
262,64000,10-8 -16,29.0
263,64000,10-8 -16,28.0
264,64000,10-8 -16,40.0
283,65000,10-8 -16,30.0
284,65000,10-8 -16,35.0
244,66000,08-8 -16,29.0
245,66000,08-8 -16,33.0
246,66000,08-8 -16,24.0
247,66000,08-8 -16,29.0
269,10013,19-8 -16,42.0
270,10013,19-8 -16,40.0
271,10014,19-8 -16,24.0
272,10015,19-8 -16,28.0
210,63000,19-8 -16,25.0
273,10002,19-8 -16,39.0
274,10002,19-8 -16,39.0
211,65000,19-8 -16,50.0
212,68000,19-8 -16,45.0
275,10008,19-8 -16,27.0
213,65000,19-8 -16,35.0
214,64000,19-8 -16,38.0
215,10008,19-8 -16,27.0
218,9007,19-8 -16,36.0
220,9020,19-8 -16,32.0
221,10016,19-8 -16,38.0
223,10014,19-8 -16,22.0
367625,10009,19-8 -16,53.0
294,68000,16-8 -16,42.0
295,10004,16-8 -16,42.0
296,10004,16-8 -16,33.0
297,10018,16-8 -16,29.0
203,10005,16-8 -16,32.0
241,10005,16-8 -16,25.0
242,10005,16-8 -16,25.0
243,66000,16-8 -16,32.0
244,66000,16-8 -16,37.0
245,66000,16-8 -16,35.0
246,66000,16-8 -16,20.0
247,66000,16-8 -16,34.0
248,10007,16-8 -16,23.0
204,10007,16-8 -16,23.0
296,10004,15-8 -16,
249,10007,16-8 -16,34.0
250,10008,16-8 -16,40.0
251,10009,16-8 -16,37.0
252,10009,16-8 -16,35.0
253,10010,16-8 -16,34.0
254,10010,16-8 -16,39.0
205,10009,16-8 -16,34.0
255,10020,16-8 -16,40.0
256,67000,16-8 -16,27.0
257,67000,16-8 -16,25.0
212,68000,07-8 -16,31.0
282,65000,07-8 -16,22.0
283,65000,07-8 -16,16.0
284,65000,07-8 -16,24.0
285,65000,07-8 -16,22.0
286,63000,07-8 -16,24.0
287,63000,07-8 -16,23.0
269,10013,15-8 -16,31.0
270,10013,15-8 -16,23.0
271,10014,15-8 -16,25.0
272,10015,15-8 -16,22.0
210,63000,15-8 -16,23.0
273,10002,15-8 -16,26.0
274,10002,15-8 -16,23.0
211,65000,15-8 -16,27.0
212,68000,15-8 -16,44.0
275,10008,15-8 -16,42.0
213,65000,15-8 -16,19.0
214,64000,15-8 -16,19.0
215,10008,15-8 -16,32.0
293,68000,14-8 -16,44.0
294,68000,14-8 -16,45.0
295,10004,14-8 -16,52.0
296,10004,14-8 -16,29.0
297,10018,14-8 -16,30.0
203,10005,14-8 -16,28.0
241,10005,14-8 -16,41.0
242,10005,14-8 -16,36.0
243,66000,14-8 -16,39.0
244,66000,14-8 -16,40.0
245,66000,14-8 -16,36.0
246,66000,14-8 -16,29.0
247,66000,14-8 -16,34.0
210,63000,07-8 -16,21.0
273,10002,07-8 -16,24.0
274,10002,07-8 -16,15.0
211,65000,07-8 -16,32.0
218,9007,15-8 -16,19.0
220,9020,15-8 -16,32.0
221,10016,15-8 -16,15.0
223,10014,15-8 -16,22.0
367625,10009,15-8 -16,38.0
276,10017,15-8 -16,20.0
277,65000,15-8 -16,18.0
278,65000,15-8 -16,14.0
279,65000,15-8 -16,17.0
280,65000,15-8 -16,18.0
281,65000,15-8 -16,13.0
282,65000,15-8 -16,18.0
283,65000,15-8 -16,21.0
284,65000,15-8 -16,20.0
285,65000,15-8 -16,22.0
286,63000,15-8 -16,25.0
287,63000,15-8 -16,20.0
288,63000,15-8 -16,20.0
289,63000,15-8 -16,21.0
290,63000,15-8 -16,16.0
201,63000,15-8 -16,24.0
291,68000,15-8 -16,14.0
292,68000,15-8 -16,24.0
202,68000,15-8 -16,35.0
293,68000,15-8 -16,43.0
294,68000,15-8 -16,48.0
295,10004,15-8 -16,36.0
297,10018,15-8 -16,34.0
203,10005,15-8 -16,41.0
241,10005,15-8 -16,42.0
242,10005,15-8 -16,44.0
243,66000,15-8 -16,39.0
244,66000,15-8 -16,39.0
206,64000,15-8 -16,21.0
261,64000,15-8 -16,38.0
207,64000,15-8 -16,30.0
262,64000,15-8 -16,18.0
263,64000,15-8 -16,23.0
264,64000,15-8 -16,
265,64000,15-8 -16,31.0
266,64000,15-8 -16,24.0
209,64000,15-8 -16,23.0
267,64000,15-8 -16,43.0
268,10013,15-8 -16,26.0
245,66000,15-8 -16,62.0
246,66000,15-8 -16,41.0
247,66000,15-8 -16,47.0
248,10007,15-8 -16,37.0
204,10007,15-8 -16,37.0
249,10007,15-8 -16,40.0
250,10008,15-8 -16,55.0
251,10009,15-8 -16,59.0
252,10009,15-8 -16,42.0
253,10010,15-8 -16,50.0
254,10010,15-8 -16,57.0
205,10009,15-8 -16,41.0
255,10020,15-8 -16,46.0
256,67000,15-8 -16,44.0
257,67000,15-8 -16,30.0
258,67000,15-8 -16,34.0
259,67000,15-8 -16,26.0
260,64000,15-8 -16,38.0
295,10004,09-8 -16,30.0
260,64000,10-8 -16,49.0
